movie_id,rating_count,average_rating,title,release_date,imdb_url
50,583,4.3584905660377355,Star Wars (1977),01-Jan-1977,http://us.imdb.com/M/title-exact?Star%20Wars%20(1977)
258,509,3.8035363457760316,Contact (1997),11-Jul-1997,http://us.imdb.com/Title?Contact+(1997/I)
100,508,4.155511811023622,Fargo (1996),14-Feb-1997,http://us.imdb.com/M/title-exact?Fargo%20(1996)
181,507,4.007889546351085,Return of the Jedi (1983),14-Mar-1997,http://us.imdb.com/M/title-exact?Return%20of%20the%20Jedi%20(1983)
294,485,3.156701030927835,Liar Liar (1997),21-Mar-1997,http://us.imdb.com/Title?Liar+Liar+(1997)
286,481,3.656964656964657,"English Patient, The (1996)",15-Nov-1996,"http://us.imdb.com/M/title-exact?English%20Patient,%20The%20(1996)"
288,478,3.4414225941422596,Scream (1996),20-Dec-1996,http://us.imdb.com/M/title-exact?Scream%20(1996)
1,452,3.8783185840707963,Toy Story (1995),01-Jan-1995,http://us.imdb.com/M/title-exact?Toy%20Story%20(1995)
300,431,3.6310904872389793,Air Force One (1997),01-Jan-1997,http://us.imdb.com/M/title-exact?Air+Force+One+(1997)
121,429,3.438228438228438,Independence Day (ID4) (1996),03-Jul-1996,http://us.imdb.com/M/title-exact?Independence%20Day%20(1996)
174,420,4.252380952380952,Raiders of the Lost Ark (1981),01-Jan-1981,http://us.imdb.com/M/title-exact?Raiders%20of%20the%20Lost%20Ark%20(1981)
127,413,4.283292978208232,"Godfather, The (1972)",01-Jan-1972,"http://us.imdb.com/M/title-exact?Godfather,%20The%20(1972)"
56,394,4.060913705583756,Pulp Fiction (1994),01-Jan-1994,http://us.imdb.com/M/title-exact?Pulp%20Fiction%20(1994)
7,392,3.798469387755102,Twelve Monkeys (1995),01-Jan-1995,http://us.imdb.com/M/title-exact?Twelve%20Monkeys%20(1995)
98,390,4.28974358974359,"Silence of the Lambs, The (1991)",01-Jan-1991,"http://us.imdb.com/M/title-exact?Silence%20of%20the%20Lambs,%20The%20(1991)"
237,384,3.7109375,Jerry Maguire (1996),13-Dec-1996,http://us.imdb.com/M/title-exact?Jerry%20Maguire%20(1996)
117,378,3.693121693121693,"Rock, The (1996)",07-Jun-1996,"http://us.imdb.com/M/title-exact?Rock,%20The%20(1996)"
172,367,4.204359673024523,"Empire Strikes Back, The (1980)",01-Jan-1980,"http://us.imdb.com/M/title-exact?Empire%20Strikes%20Back,%20The%20(1980)"
222,365,3.66027397260274,Star Trek: First Contact (1996),22-Nov-1996,http://us.imdb.com/M/title-exact?Star%20Trek:%20First%20Contact%20(1996)
313,350,4.2457142857142856,Titanic (1997),01-Jan-1997,http://us.imdb.com/M/title-exact?imdb-title-120338
204,350,3.834285714285714,Back to the Future (1985),01-Jan-1985,http://us.imdb.com/M/title-exact?Back%20to%20the%20Future%20(1985)
405,344,3.313953488372093,Mission: Impossible (1996),22-May-1996,http://us.imdb.com/M/title-exact?Mission:%20Impossible%20(1996)
79,336,4.044642857142857,"Fugitive, The (1993)",01-Jan-1993,"http://us.imdb.com/M/title-exact?Fugitive,%20The%20(1993)"
210,331,3.930513595166163,Indiana Jones and the Last Crusade (1989),01-Jan-1989,http://us.imdb.com/M/title-exact?Indiana%20Jones%20and%20the%20Last%20Crusade%20(1989)
151,326,3.6319018404907975,Willy Wonka and the Chocolate Factory (1971),01-Jan-1971,http://us.imdb.com/M/title-exact?Willy%20Wonka%20and%20the%20Chocolate%20Factory%20(1971)
173,324,4.172839506172839,"Princess Bride, The (1987)",01-Jan-1987,"http://us.imdb.com/M/title-exact?Princess%20Bride,%20The%20(1987)"
69,321,3.853582554517134,Forrest Gump (1994),01-Jan-1994,http://us.imdb.com/M/title-exact?Forrest%20Gump%20(1994)
168,316,4.0664556962025316,Monty Python and the Holy Grail (1974),01-Jan-1974,http://us.imdb.com/M/title-exact?Monty%20Python%20and%20the%20Holy%20Grail%20(1974)
748,316,3.1234177215189876,"Saint, The (1997)",14-Mar-1997,http://us.imdb.com/M/title-exact?Saint%2C%20The%20(1997)
269,315,3.926984126984127,"Full Monty, The (1997)",01-Jan-1997,http://us.imdb.com/M/title-exact?Full+Monty%2C+The+(1997)
257,303,3.745874587458746,Men in Black (1997),04-Jul-1997,http://us.imdb.com/M/title-exact?Men+in+Black+(1997)
195,301,3.9335548172757475,"Terminator, The (1984)",01-Jan-1984,"http://us.imdb.com/M/title-exact?Terminator,%20The%20(1984)"
423,300,3.8333333333333335,E.T. the Extra-Terrestrial (1982),01-Jan-1982,http://us.imdb.com/M/title-exact?E%2ET%2E%20the%20Extra-Terrestrial%20%281982%29
9,299,3.8963210702341136,Dead Man Walking (1995),01-Jan-1995,http://us.imdb.com/M/title-exact?Dead%20Man%20Walking%20(1995)
318,298,4.466442953020135,Schindler's List (1993),01-Jan-1993,http://us.imdb.com/M/title-exact?Schindler's%20List%20(1993)
276,298,3.697986577181208,Leaving Las Vegas (1995),01-Jan-1995,http://us.imdb.com/M/title-exact?Leaving%20Las%20Vegas%20(1995)
302,297,4.161616161616162,L.A. Confidential (1997),01-Jan-1997,http://us.imdb.com/M/title-exact?L%2EA%2E+Confidential+(1997)
22,297,4.151515151515151,Braveheart (1995),16-Feb-1996,http://us.imdb.com/M/title-exact?Braveheart%20(1995)
96,295,4.0067796610169495,Terminator 2: Judgment Day (1991),01-Jan-1991,http://us.imdb.com/M/title-exact?Terminator%202:%20Judgment%20Day%20(1991)
328,295,3.4237288135593222,Conspiracy Theory (1997),08-Aug-1997,http://us.imdb.com/M/title-exact?Conspiracy+Theory+(1997)
15,293,3.7781569965870307,Mr. Holland's Opus (1995),29-Jan-1996,http://us.imdb.com/M/title-exact?Mr.%20Holland's%20Opus%20(1995)
25,293,3.4436860068259385,"Birdcage, The (1996)",08-Mar-1996,"http://us.imdb.com/M/title-exact?Birdcage,%20The%20(1996)"
118,293,3.2150170648464163,Twister (1996),10-May-1996,http://us.imdb.com/M/title-exact?Twister%20(1996)
183,291,4.034364261168385,Alien (1979),01-Jan-1979,http://us.imdb.com/M/title-exact?Alien%20(1979)
216,290,3.910344827586207,When Harry Met Sally... (1989),01-Jan-1989,http://us.imdb.com/M/title-exact?When%20Harry%20Met%20Sally...%20(1989)
176,284,3.9471830985915495,Aliens (1986),01-Jan-1986,http://us.imdb.com/M/title-exact?Aliens%20(1986)
64,283,4.445229681978798,"Shawshank Redemption, The (1994)",01-Jan-1994,"http://us.imdb.com/M/title-exact?Shawshank%20Redemption,%20The%20(1994)"
234,280,3.775,Jaws (1975),01-Jan-1975,http://us.imdb.com/M/title-exact?Jaws%20(1975)
202,280,3.7642857142857142,Groundhog Day (1993),01-Jan-1993,http://us.imdb.com/M/title-exact?Groundhog%20Day%20(1993)
191,276,4.163043478260869,Amadeus (1984),01-Jan-1984,http://us.imdb.com/M/title-exact?Amadeus%20(1984)
28,276,3.931159420289855,Apollo 13 (1995),01-Jan-1995,http://us.imdb.com/M/title-exact?Apollo%2013%20(1995)
89,275,4.138181818181818,Blade Runner (1982),01-Jan-1982,http://us.imdb.com/M/title-exact?Blade%20Runner%20(1982)
111,272,3.485294117647059,"Truth About Cats & Dogs, The (1996)",26-Apr-1996,"http://us.imdb.com/M/title-exact?Truth%20About%20Cats%20&%20Dogs,%20The%20(1996)"
275,268,4.0111940298507465,Sense and Sensibility (1995),01-Jan-1995,http://us.imdb.com/M/title-exact?Sense%20and%20Sensibility%20(1995)
12,267,4.385767790262173,"Usual Suspects, The (1995)",14-Aug-1995,"http://us.imdb.com/M/title-exact?Usual%20Suspects,%20The%20(1995)"
742,267,3.644194756554307,Ransom (1996),08-Nov-1996,http://us.imdb.com/M/title-exact?Ransom%20(1996)
357,264,4.291666666666667,One Flew Over the Cuckoo's Nest (1975),01-Jan-1975,http://us.imdb.com/M/title-exact?One%20Flew%20Over%20the%20Cuckoo's%20Nest%20(1975)
82,261,3.7203065134099615,Jurassic Park (1993),01-Jan-1993,http://us.imdb.com/M/title-exact?Jurassic%20Park%20(1993)
135,259,3.969111969111969,2001: A Space Odyssey (1968),01-Jan-1968,http://us.imdb.com/M/title-exact?2001:%20A%20Space%20Odyssey%20(1968)
289,259,2.9806949806949805,Evita (1996),25-Dec-1996,http://us.imdb.com/M/title-exact?Evita%20(1996)
238,256,3.875,Raising Arizona (1987),01-Jan-1987,http://us.imdb.com/M/title-exact?Raising%20Arizona%20(1987)
97,256,3.79296875,Dances with Wolves (1990),01-Jan-1990,http://us.imdb.com/M/title-exact?Dances%20with%20Wolves%20(1990)
268,255,3.792156862745098,Chasing Amy (1997),01-Jan-1997,http://us.imdb.com/M/title-exact?Chasing+Amy+(1997)
546,254,3.031496062992126,Broken Arrow (1996),09-Feb-1996,http://us.imdb.com/M/title-exact?Broken%20Arrow%20(1996)
196,251,3.9163346613545817,Dead Poets Society (1989),01-Jan-1989,http://us.imdb.com/M/title-exact?Dead%20Poets%20Society%20(1989)
186,251,3.8366533864541834,"Blues Brothers, The (1980)",01-Jan-1980,"http://us.imdb.com/M/title-exact?Blues%20Brothers,%20The%20(1980)"
70,251,3.6613545816733066,Four Weddings and a Funeral (1994),01-Jan-1994,http://us.imdb.com/M/title-exact?Four%20Weddings%20and%20a%20Funeral%20(1994)
333,251,3.593625498007968,"Game, The (1997)",01-Jan-1997,http://us.imdb.com/M/title-exact?Game%2C+The+(1997)
475,250,3.884,Trainspotting (1996),19-Jul-1996,http://us.imdb.com/Title?Trainspotting+(1996)
153,247,3.785425101214575,"Fish Called Wanda, A (1988)",01-Jan-1988,"http://us.imdb.com/M/title-exact?Fish%20Called%20Wanda,%20A%20(1988)"
132,246,4.0772357723577235,"Wizard of Oz, The (1939)",01-Jan-1939,"http://us.imdb.com/M/title-exact?Wizard%20of%20Oz,%20The%20(1939)"
228,244,3.8155737704918034,Star Trek: The Wrath of Khan (1982),01-Jan-1982,http://us.imdb.com/M/title-exact?Star%20Trek:%20The%20Wrath%20of%20Khan%20(1982)
125,244,3.557377049180328,Phenomenon (1996),29-Jun-1996,http://us.imdb.com/M/title-exact?Phenomenon%20(1996)
483,243,4.45679012345679,Casablanca (1942),01-Jan-1942,http://us.imdb.com/M/title-exact?Casablanca%20(1942)
144,243,3.8724279835390947,Die Hard (1988),01-Jan-1988,http://us.imdb.com/M/title-exact?Die%20Hard%20(1988)
194,241,4.058091286307054,"Sting, The (1973)",01-Jan-1973,"http://us.imdb.com/M/title-exact?Sting,%20The%20(1973)"
245,240,3.1083333333333334,"Devil's Own, The (1997)",26-Mar-1997,http://us.imdb.com/M/title-exact?Devil%27s%20Own%2C%20The%20(1997)
323,240,2.933333333333333,Dante's Peak (1997),07-Feb-1997,http://us.imdb.com/M/title-exact?Dante's%20Peak%20(1997)
197,239,4.104602510460251,"Graduate, The (1967)",01-Jan-1967,"http://us.imdb.com/M/title-exact?Graduate,%20The%20(1967)"
185,239,4.100418410041841,Psycho (1960),01-Jan-1960,http://us.imdb.com/M/title-exact?Psycho%20(1960)
11,236,3.847457627118644,Seven (Se7en) (1995),01-Jan-1995,http://us.imdb.com/M/title-exact?Se7en%20(1995)
282,232,3.685344827586207,"Time to Kill, A (1996)",13-Jul-1996,"http://us.imdb.com/M/title-exact?Time%20to%20Kill,%20A%20(1996)"
496,231,4.121212121212121,It's a Wonderful Life (1946),01-Jan-1946,http://us.imdb.com/M/title-exact?It's%20a%20Wonderful%20Life%20(1946)
568,230,3.6478260869565218,Speed (1994),01-Jan-1994,http://us.imdb.com/M/title-exact?Speed%20(1994/I)
301,230,3.3043478260869565,In & Out (1997),19-Sep-1997,http://us.imdb.com/Title?In+%26+Out+(1997)
655,227,3.881057268722467,Stand by Me (1986),01-Jan-1986,http://us.imdb.com/M/title-exact?Stand%20by%20Me%20(1986)
265,227,3.8634361233480177,"Hunt for Red October, The (1990)",01-Jan-1990,http://us.imdb.com/M/title-exact?Hunt+for+Red+October%2C+The+(1990)
182,226,3.9513274336283186,GoodFellas (1990),01-Jan-1990,http://us.imdb.com/M/title-exact?GoodFellas%20(1990)
273,223,3.569506726457399,Heat (1995),01-Jan-1995,http://us.imdb.com/M/title-exact?Heat%20(1995)
143,222,3.765765765765766,"Sound of Music, The (1965)",01-Jan-1965,"http://us.imdb.com/M/title-exact?Sound%20of%20Music,%20The%20(1965)"
180,221,4.04524886877828,Apocalypse Now (1979),01-Jan-1979,http://us.imdb.com/M/title-exact?Apocalypse%20Now%20(1979)
179,221,3.909502262443439,"Clockwork Orange, A (1971)",01-Jan-1971,"http://us.imdb.com/M/title-exact?Clockwork%20Orange,%20A%20(1971)"
471,221,3.6108597285067874,Courage Under Fire (1996),08-Mar-1996,http://us.imdb.com/M/title-exact?Courage%20Under%20Fire%20(1996)
71,220,3.7818181818181817,"Lion King, The (1994)",01-Jan-1994,"http://us.imdb.com/M/title-exact?Lion%20King,%20The%20(1994)"
161,220,3.481818181818182,Top Gun (1986),01-Jan-1986,http://us.imdb.com/M/title-exact?Top%20Gun%20(1986)
427,219,4.292237442922374,To Kill a Mockingbird (1962),01-Jan-1962,http://us.imdb.com/M/title-exact?To%20Kill%20a%20Mockingbird%20(1962)
8,219,3.9954337899543377,Babe (1995),01-Jan-1995,http://us.imdb.com/M/title-exact?Babe%20(1995)
95,219,3.8127853881278537,Aladdin (1992),01-Jan-1992,http://us.imdb.com/M/title-exact?Aladdin%20(1992)
678,219,2.808219178082192,Volcano (1997),25-Apr-1997,http://us.imdb.com/M/title-exact?Volcano%20%281997%29
322,218,3.0871559633027523,Murder at 1600 (1997),18-Apr-1997,http://us.imdb.com/M/title-exact?Murder%20at%201600%20(1997)
235,217,2.847926267281106,Mars Attacks! (1996),13-Dec-1996,http://us.imdb.com/M/title-exact?Mars%20Attacks!%20(1996)
435,216,3.949074074074074,Butch Cassidy and the Sundance Kid (1969),01-Jan-1969,http://us.imdb.com/M/title-exact?Butch%20Cassidy%20and%20the%20Sundance%20Kid%20(1969)
508,215,3.5953488372093023,"People vs. Larry Flynt, The (1996)",27-Dec-1996,"http://us.imdb.com/M/title-exact?People%20vs.%20Larry%20Flynt,%20The%20(1996)"
88,213,3.539906103286385,Sleepless in Seattle (1993),01-Jan-1993,http://us.imdb.com/M/title-exact?Sleepless%20in%20Seattle%20(1993)
215,212,3.69811320754717,Field of Dreams (1989),01-Jan-1989,http://us.imdb.com/M/title-exact?Field%20of%20Dreams%20(1989)
271,211,3.2322274881516586,Starship Troopers (1997),01-Jan-1997,http://us.imdb.com/M/title-exact?Starship+Troopers+(1997)
603,209,4.3875598086124405,Rear Window (1954),01-Jan-1954,http://us.imdb.com/M/title-exact?Rear%20Window%20(1954)
187,209,4.186602870813397,"Godfather: Part II, The (1974)",01-Jan-1974,"http://us.imdb.com/M/title-exact?Godfather:%20Part%20II,%20The%20(1974)"
4,209,3.550239234449761,Get Shorty (1995),01-Jan-1995,http://us.imdb.com/M/title-exact?Get%20Shorty%20(1995)
175,208,3.8173076923076925,Brazil (1985),01-Jan-1985,http://us.imdb.com/M/title-exact?Brazil%20(1985)
385,208,3.5625,True Lies (1994),01-Jan-1994,http://us.imdb.com/M/title-exact?True%20Lies%20(1994)
211,206,3.912621359223301,M*A*S*H (1970),01-Jan-1970,http://us.imdb.com/M/title-exact?MASH%20(1970)
200,206,3.825242718446602,"Shining, The (1980)",01-Jan-1980,"http://us.imdb.com/M/title-exact?Shining,%20The%20(1980)"
597,206,3.150485436893204,Eraser (1996),21-Jun-1996,http://us.imdb.com/M/title-exact?Eraser%20(1996)
588,202,3.792079207920792,Beauty and the Beast (1991),01-Jan-1991,http://us.imdb.com/M/title-exact?Beauty%20and%20the%20Beast%20(1991)
515,201,4.203980099502488,"Boot, Das (1981)",04-Apr-1997,"http://us.imdb.com/M/title-exact?Boot,%20Das%20(1981)"
403,201,3.427860696517413,Batman (1989),01-Jan-1989,http://us.imdb.com/M/title-exact?Batman%20(1989)
208,200,3.945,Young Frankenstein (1974),01-Jan-1974,http://us.imdb.com/M/title-exact?Young%20Frankenstein%20(1974)
230,199,3.4472361809045227,Star Trek IV: The Voyage Home (1986),01-Jan-1986,http://us.imdb.com/M/title-exact?Star%20Trek%20IV:%20The%20Voyage%20Home%20(1986)
134,198,4.292929292929293,Citizen Kane (1941),01-Jan-1941,http://us.imdb.com/M/title-exact?Citizen%20Kane%20(1941)
272,198,4.262626262626263,Good Will Hunting (1997),01-Jan-1997,http://us.imdb.com/M/title-exact?imdb-title-119217
250,197,3.4771573604060912,"Fifth Element, The (1997)",09-May-1997,http://us.imdb.com/M/title-exact?Fifth%20Element%2C%20The%20%281997%29
527,195,4.02051282051282,Gandhi (1982),01-Jan-1982,http://us.imdb.com/M/title-exact?Gandhi%20(1982)
474,194,4.252577319587629,Dr. Strangelove or: How I Learned to Stop Worrying and Love the Bomb (1963),01-Jan-1963,http://us.imdb.com/M/title-exact?Dr.%20Strangelove%20or:%20How%20I%20Learned%20to%20Stop%20Worrying%20and%20Love%20the%20Bomb%20(1963)
298,194,3.768041237113402,Face/Off (1997),27-Jun-1997,http://us.imdb.com/M/title-exact?Face/Off+(1997)
284,193,3.160621761658031,Tin Cup (1996),16-Aug-1996,http://us.imdb.com/M/title-exact?Tin%20Cup%20(1996)
393,192,3.4114583333333335,Mrs. Doubtfire (1993),01-Jan-1993,http://us.imdb.com/M/title-exact?Mrs.%20Doubtfire%20(1993)
209,191,3.905759162303665,This Is Spinal Tap (1984),01-Jan-1984,http://us.imdb.com/M/title-exact?This%20Is%20Spinal%20Tap%20(1984)
274,190,3.5,Sabrina (1995),01-Jan-1995,http://us.imdb.com/M/title-exact?Sabrina%20(1995)
340,189,3.5873015873015874,Boogie Nights (1997),01-Jan-1997,http://us.imdb.com/M/title-exact?Boogie+Nights+(1997)
307,188,3.515957446808511,"Devil's Advocate, The (1997)",01-Jan-1997,"http://us.imdb.com/M/title-exact?Devil's+Advocate,+The+(1997)"
124,187,4.053475935828877,Lone Star (1996),21-Jun-1996,http://us.imdb.com/M/title-exact?Lone%20Star%20(1996)
147,185,3.4702702702702704,"Long Kiss Goodnight, The (1996)",05-Oct-1996,"http://us.imdb.com/M/title-exact?Long%20Kiss%20Goodnight,%20The%20(1996)"
13,184,3.4184782608695654,Mighty Aphrodite (1995),30-Oct-1995,http://us.imdb.com/M/title-exact?Mighty%20Aphrodite%20(1995)
14,183,3.9672131147540983,"Postino, Il (1994)",01-Jan-1994,"http://us.imdb.com/M/title-exact?Postino,%20Il%20(1994)"
23,182,4.1208791208791204,Taxi Driver (1976),16-Feb-1996,http://us.imdb.com/M/title-exact?Taxi%20Driver%20(1976)
203,182,3.868131868131868,Unforgiven (1992),01-Jan-1992,http://us.imdb.com/M/title-exact?Unforgiven%20(1992)
514,180,3.911111111111111,Annie Hall (1977),01-Jan-1977,http://us.imdb.com/M/title-exact?Annie%20Hall%20(1977)
732,180,3.65,Dave (1993),01-Jan-1993,http://us.imdb.com/M/title-exact?Dave%20(1993)
751,180,3.4277777777777776,Tomorrow Never Dies (1997),01-Jan-1997,http://us.imdb.com/M/title-exact?imdb-title-120347
480,179,4.284916201117318,North by Northwest (1959),01-Jan-1959,http://us.imdb.com/M/title-exact?North%20by%20Northwest%20(1959)
479,179,4.251396648044692,Vertigo (1958),01-Jan-1958,http://us.imdb.com/M/title-exact?Vertigo%20(1958)
566,179,3.569832402234637,Clear and Present Danger (1994),01-Jan-1994,http://us.imdb.com/M/title-exact?Clear%20and%20Present%20Danger%20(1994)
419,178,3.7247191011235956,Mary Poppins (1964),01-Jan-1964,http://us.imdb.com/M/title-exact?Mary%20Poppins%20(1964)
591,178,3.601123595505618,Primal Fear (1996),30-Mar-1996,http://us.imdb.com/M/title-exact?Primal%20Fear%20(1996)
283,177,3.7175141242937855,Emma (1996),02-Aug-1996,http://us.imdb.com/M/title-exact?Emma%20(1996)
83,176,4.0625,Much Ado About Nothing (1993),01-Jan-1993,http://us.imdb.com/M/title-exact?Much%20Ado%20About%20Nothing%20(1993)
845,176,3.465909090909091,That Thing You Do! (1996),28-Sep-1996,http://us.imdb.com/M/title-exact?That%20Thing%20You%20Do!%20(1996)
58,175,3.645714285714286,Quiz Show (1994),01-Jan-1994,http://us.imdb.com/M/title-exact?Quiz%20Show%20(1994)
327,175,3.3771428571428572,Cop Land (1997),01-Jan-1997,http://us.imdb.com/M/title-exact?Cop+Land+(1997)
326,175,3.36,G.I. Jane (1997),01-Jan-1997,http://us.imdb.com/M/title-exact?G%2EI%2E+Jane+(1997)
432,174,3.7701149425287355,Fantasia (1940),01-Jan-1940,http://us.imdb.com/M/title-exact?Fantasia%20(1940)
154,174,3.7471264367816093,Monty Python's Life of Brian (1979),01-Jan-1979,http://us.imdb.com/M/title-exact?Life%20of%20Brian%20(1979)
24,174,3.4482758620689653,Rumble in the Bronx (1995),23-Feb-1996,http://us.imdb.com/M/title-exact?Hong%20Faan%20Kui%20(1995)
511,173,4.23121387283237,Lawrence of Arabia (1962),01-Jan-1962,http://us.imdb.com/M/title-exact?Lawrence%20of%20Arabia%20(1962)
99,172,3.7093023255813953,Snow White and the Seven Dwarfs (1937),01-Jan-1937,http://us.imdb.com/M/title-exact?Snow%20White%20and%20the%20Seven%20Dwarfs%20(1937)
255,172,3.36046511627907,My Best Friend's Wedding (1997),20-Jun-1997,http://us.imdb.com/M/title-exact?My+Best+Friend%27s+Wedding+(1997)
651,171,4.076023391812866,Glory (1989),01-Jan-1989,http://us.imdb.com/M/title-exact?Glory%20(1989)
137,171,3.9005847953216373,Big Night (1996),20-Sep-1996,http://us.imdb.com/M/title-exact?Big%20Night%20(1996)
133,171,3.871345029239766,Gone with the Wind (1939),01-Jan-1939,http://us.imdb.com/M/title-exact?Gone%20with%20the%20Wind%20(1939)
433,171,3.690058479532164,Heathers (1989),01-Jan-1989,http://us.imdb.com/M/title-exact?Heathers%20(1989)
218,171,3.456140350877193,Cape Fear (1991),01-Jan-1991,http://us.imdb.com/M/title-exact?Cape%20Fear%20(1991)
229,171,3.111111111111111,Star Trek III: The Search for Spock (1984),01-Jan-1984,http://us.imdb.com/M/title-exact?Star%20Trek%20III:%20The%20Search%20for%20Spock%20(1984)
188,170,3.6823529411764704,Full Metal Jacket (1987),01-Jan-1987,http://us.imdb.com/M/title-exact?Full%20Metal%20Jacket%20(1987)
402,170,3.4647058823529413,Ghost (1990),01-Jan-1990,http://us.imdb.com/M/title-exact?Ghost%20(1990)
367,170,3.458823529411765,Clueless (1995),01-Jan-1995,http://us.imdb.com/M/title-exact?Clueless%20(1995)
451,170,3.347058823529412,Grease (1978),01-Jan-1978,http://us.imdb.com/M/title-exact?Grease%20(1978)
684,169,3.7928994082840237,In the Line of Fire (1993),01-Jan-1993,http://us.imdb.com/M/title-exact?In%20the%20Line%20of%20Fire%20(1993)
628,169,3.514792899408284,Sleepers (1996),18-Oct-1996,http://us.imdb.com/M/title-exact?Sleepers%20(1996)
321,169,3.1301775147928996,Mother (1996),25-Dec-1996,http://us.imdb.com/M/title-exact?Mother%20(1996/I)
582,168,3.6011904761904763,"Piano, The (1993)",01-Jan-1993,"http://us.imdb.com/M/title-exact?Piano,%20The%20(1993)"
319,168,3.2738095238095237,Everyone Says I Love You (1996),06-Dec-1996,http://us.imdb.com/M/title-exact?Everyone%20Says%20I%20Love%20You%20(1996)
226,166,3.355421686746988,Die Hard 2 (1990),01-Jan-1990,http://us.imdb.com/M/title-exact?Die%20Hard%202%20(1990)
199,165,4.175757575757576,"Bridge on the River Kwai, The (1957)",01-Jan-1957,"http://us.imdb.com/M/title-exact?Bridge%20on%20the%20River%20Kwai,%20The%20(1957)"
523,164,3.9939024390243905,Cool Hand Luke (1967),01-Jan-1967,http://us.imdb.com/M/title-exact?Cool%20Hand%20Luke%20(1967)
692,164,3.6280487804878048,"American President, The (1995)",01-Jan-1995,"http://us.imdb.com/M/title-exact?American%20President,%20The%20(1995)"
739,164,3.323170731707317,Pretty Woman (1990),01-Jan-1990,http://us.imdb.com/M/title-exact?Pretty%20Woman%20(1990)
411,163,2.914110429447853,"Nutty Professor, The (1996)",28-Jun-1996,"http://us.imdb.com/M/title-exact?Nutty%20Professor,%20The%20(1996)"
285,162,4.265432098765432,Secrets & Lies (1996),04-Oct-1996,http://us.imdb.com/M/title-exact?Secrets%20&%20Lies%20(1996)
443,162,3.808641975308642,"Birds, The (1963)",01-Jan-1963,"http://us.imdb.com/M/title-exact?Birds,%20The%20(1963)"
66,162,3.549382716049383,While You Were Sleeping (1995),01-Jan-1995,http://us.imdb.com/M/title-exact?While%20You%20Were%20Sleeping%20(1995)
410,162,3.1296296296296298,Kingpin (1996),12-Jul-1996,http://us.imdb.com/M/title-exact?Kingpin%20(1996)
259,162,2.685185185185185,George of the Jungle (1997),01-Jan-1997,http://us.imdb.com/M/title-exact?George+of+the+Jungle+(1997)
227,161,3.279503105590062,Star Trek VI: The Undiscovered Country (1991),01-Jan-1991,http://us.imdb.com/M/title-exact?Star%20Trek%20VI:%20The%20Undiscovered%20Country%20(1991)
315,160,4.1,Apt Pupil (1998),23-Oct-1998,http://us.imdb.com/Title?Apt+Pupil+(1998)
248,160,3.675,Grosse Pointe Blank (1997),11-Apr-1997,http://us.imdb.com/M/title-exact?Grosse%20Pointe%20Blank%20%281997%29
476,160,3.01875,"First Wives Club, The (1996)",14-Sep-1996,"http://us.imdb.com/M/title-exact?First%20Wives%20Club,%20The%20(1996)"
472,158,3.0822784810126582,Dragonheart (1996),31-May-1996,http://us.imdb.com/M/title-exact?Dragonheart%20(1996)
252,158,2.9430379746835444,"Lost World: Jurassic Park, The (1997)",23-May-1997,http://us.imdb.com/M/title-exact?Lost%20World%3A%20Jurassic%20Park%2C%20The%20%281997%29
193,157,3.917197452229299,"Right Stuff, The (1983)",01-Jan-1983,"http://us.imdb.com/M/title-exact?Right%20Stuff,%20The%20(1983)"
150,157,3.828025477707006,Swingers (1996),18-Oct-1996,http://us.imdb.com/M/title-exact?Swingers%20(1996)
685,157,3.356687898089172,Executive Decision (1996),09-Mar-1996,http://us.imdb.com/M/title-exact?Executive%20Decision%20(1996)
240,156,2.7884615384615383,Beavis and Butt-head Do America (1996),20-Dec-1996,http://us.imdb.com/M/title-exact?Beavis%20and%20Butt-head%20Do%20America%20(1996)
690,155,3.458064516129032,Seven Years in Tibet (1997),01-Jan-1997,http://us.imdb.com/M/title-exact?Seven+Years+in+Tibet+(1997)
31,154,3.6298701298701297,Crimson Tide (1995),01-Jan-1995,http://us.imdb.com/M/title-exact?Crimson%20Tide%20(1995)
660,153,3.764705882352941,Fried Green Tomatoes (1991),01-Jan-1991,http://us.imdb.com/M/title-exact?Fried%20Green%20Tomatoes%20at%20the%20Whistle%20Stop%20Cafe%20(1991)
431,153,3.5359477124183005,Highlander (1986),01-Jan-1986,http://us.imdb.com/M/title-exact?Highlander%20(1986)
498,152,4.184210526315789,"African Queen, The (1951)",01-Jan-1951,"http://us.imdb.com/M/title-exact?African%20Queen,%20The%20(1951)"
164,151,3.589403973509934,"Abyss, The (1989)",01-Jan-1989,"http://us.imdb.com/M/title-exact?Abyss,%20The%20(1989)"
550,151,3.2847682119205297,Die Hard: With a Vengeance (1995),01-Jan-1995,http://us.imdb.com/M/title-exact?Die%20Hard:%20With%20a%20Vengeance%20(1995)
77,151,3.2781456953642385,"Firm, The (1993)",01-Jan-1993,"http://us.imdb.com/M/title-exact?Firm,%20The%20(1993)"
86,150,3.94,"Remains of the Day, The (1993)",01-Jan-1993,"http://us.imdb.com/M/title-exact?Remains%20of%20the%20Day,%20The%20(1993)"
239,150,3.513333333333333,Sneakers (1992),01-Jan-1992,http://us.imdb.com/M/title-exact?Sneakers%20(1992)
55,149,3.704697986577181,"Professional, The (1994)",01-Jan-1994,http://us.imdb.com/Title?L%E9on+(1994)
304,149,3.5369127516778525,Fly Away Home (1996),13-Sep-1996,http://us.imdb.com/M/title-exact?Fly%20Away%20Home%20(1996)
763,149,3.389261744966443,Happy Gilmore (1996),16-Feb-1996,http://us.imdb.com/M/title-exact?Happy%20Gilmore%20(1996)
156,148,3.9864864864864864,Reservoir Dogs (1992),01-Jan-1992,http://us.imdb.com/M/title-exact?Reservoir%20Dogs%20(1992)
42,148,3.804054054054054,Clerks (1994),01-Jan-1994,http://us.imdb.com/M/title-exact?Clerks%20(1994)
462,148,3.804054054054054,Like Water For Chocolate (Como agua para chocolate) (1992),01-Jan-1992,http://us.imdb.com/M/title-exact?Como%20agua%20para%20chocolate%20(1992)
1028,148,3.0405405405405403,Grumpier Old Men (1995),01-Jan-1995,http://us.imdb.com/M/title-exact?Grumpier%20Old%20Men%20(1995)
654,147,4.136054421768708,Chinatown (1974),01-Jan-1974,http://us.imdb.com/M/title-exact?Chinatown%20(1974)
293,147,3.802721088435374,Donnie Brasco (1997),28-Feb-1997,http://us.imdb.com/M/title-exact?Donnie%20Brasco%20(1997)
281,146,3.143835616438356,"River Wild, The (1994)",01-Jan-1994,"http://us.imdb.com/M/title-exact?River%20Wild,%20The%20(1994)"
310,145,3.6,"Rainmaker, The (1997)",01-Jan-1997,"http://us.imdb.com/M/title-exact?Rainmaker,+The+(1997)"
455,145,3.2551724137931033,Jackie Chan's First Strike (1996),10-Jan-1997,http://us.imdb.com/M/title-exact?Police%20Story%204:%20First%20Strike%20(1996)
91,143,3.5874125874125875,"Nightmare Before Christmas, The (1993)",01-Jan-1993,"http://us.imdb.com/M/title-exact?Nightmare%20Before%20Christmas,%20The%20(1993)"
332,143,3.4615384615384617,Kiss the Girls (1997),01-Jan-1997,http://us.imdb.com/M/title-exact?Kiss+the+Girls+(1997)
358,143,2.6153846153846154,Spawn (1997),01-Aug-1997,http://us.imdb.com/M/title-exact?Spawn+(1997/I)
231,142,2.683098591549296,Batman Returns (1992),01-Jan-1992,http://us.imdb.com/M/title-exact?Batman%20Returns%20(1992)
484,138,4.2101449275362315,"Maltese Falcon, The (1941)",01-Jan-1941,"http://us.imdb.com/M/title-exact?Maltese%20Falcon,%20The%20(1941)"
87,138,3.9057971014492754,Searching for Bobby Fischer (1993),01-Jan-1993,http://us.imdb.com/M/title-exact?Searching%20for%20Bobby%20Fischer%20(1993)
705,137,3.9927007299270074,Singin' in the Rain (1952),01-Jan-1952,http://us.imdb.com/M/title-exact?Singin'%20in%20the%20Rain%20(1952)
177,137,3.8613138686131387,"Good, The Bad and The Ugly, The (1966)",01-Jan-1966,"http://us.imdb.com/M/title-exact?Buono,%20il%20brutto,%20il%20cattivo,%20Il%20(1966)"
735,137,3.854014598540146,Philadelphia (1993),01-Jan-1993,http://us.imdb.com/M/title-exact?Philadelphia%20(1993)
347,137,3.510948905109489,Wag the Dog (1997),09-Jan-1998,http://us.imdb.com/M/title-exact?imdb-title-120885
1016,137,3.45985401459854,Con Air (1997),06-Jun-1997,http://us.imdb.com/M/title-exact?Con%20Air%20%281997%29
559,137,3.1824817518248176,Interview with the Vampire (1994),01-Jan-1994,http://us.imdb.com/M/title-exact?Interview%20with%20the%20Vampire%20(1994)
94,137,3.0875912408759123,Home Alone (1990),01-Jan-1990,http://us.imdb.com/M/title-exact?Home%20Alone%20(1990)
223,136,4.198529411764706,Sling Blade (1996),22-Nov-1996,http://us.imdb.com/M/title-exact?Sling%20Blade%20(1996)
205,136,3.9926470588235294,Patton (1970),01-Jan-1970,http://us.imdb.com/M/title-exact?Patton%20(1970)
270,136,3.5955882352941178,Gattaca (1997),01-Jan-1997,http://us.imdb.com/M/title-exact?Gattaca+(1997)
879,136,3.2720588235294117,"Peacemaker, The (1997)",01-Jan-1997,http://us.imdb.com/M/title-exact?Peacemaker%2C+The+(1997)
213,134,3.985074626865672,"Room with a View, A (1986)",01-Jan-1986,"http://us.imdb.com/M/title-exact?Room%20with%20a%20View,%20A%20(1986)"
303,134,3.6865671641791047,Ulee's Gold (1997),01-Jan-1997,http://us.imdb.com/M/title-exact?Ulee%27s+Gold+(1997)
68,134,3.417910447761194,"Crow, The (1994)",01-Jan-1994,"http://us.imdb.com/M/title-exact?Crow,%20The%20(1994)"
1047,134,2.8358208955223883,Multiplicity (1996),12-Jul-1996,http://us.imdb.com/M/title-exact?Multiplicity%20(1996)
47,133,3.601503759398496,Ed Wood (1994),01-Jan-1994,http://us.imdb.com/M/title-exact?Ed%20Wood%20(1994)
243,132,2.4393939393939394,Jungle2Jungle (1997),07-Mar-1997,http://us.imdb.com/M/title-exact?Jungle2Jungle%20(1997)
657,131,4.259541984732825,"Manchurian Candidate, The (1962)",01-Jan-1962,"http://us.imdb.com/M/title-exact?Manchurian%20Candidate,%20The%20(1962)"
2,131,3.2061068702290076,GoldenEye (1995),01-Jan-1995,http://us.imdb.com/M/title-exact?GoldenEye%20(1995)
109,130,3.4307692307692306,Mystery Science Theater 3000: The Movie (1996),19-Apr-1996,http://us.imdb.com/M/title-exact?Mystery%20Science%20Theater%203000:%20The%20Movie%20(1996)
249,130,3.246153846153846,Austin Powers: International Man of Mystery (1997),02-May-1997,http://us.imdb.com/M/title-exact?Austin%20Powers%3A%20International%20Man%20of%20Mystery%20%281997%29
531,129,3.9224806201550386,Shine (1996),22-Nov-1996,http://us.imdb.com/M/title-exact?Shine%20(1996)
129,129,3.8217054263565893,Bound (1996),04-Oct-1996,http://us.imdb.com/M/title-exact?Bound%20(1996)
418,129,3.5813953488372094,Cinderella (1950),01-Jan-1950,http://us.imdb.com/M/title-exact?Cinderella%20(1950)
72,129,3.193798449612403,"Mask, The (1994)",01-Jan-1994,"http://us.imdb.com/M/title-exact?Mask,%20The%20(1994)"
482,128,3.984375,Some Like It Hot (1959),01-Jan-1959,http://us.imdb.com/M/title-exact?Some%20Like%20It%20Hot%20(1959)
241,128,3.546875,"Last of the Mohicans, The (1992)",01-Jan-1992,"http://us.imdb.com/M/title-exact?Last%20of%20the%20Mohicans,%20The%20(1992)"
73,128,3.46875,Maverick (1994),01-Jan-1994,http://us.imdb.com/M/title-exact?Maverick%20(1994)
148,128,3.203125,"Ghost and the Darkness, The (1996)",11-Oct-1996,"http://us.imdb.com/M/title-exact?Ghost%20and%20the%20Darkness,%20The%20(1996)"
53,128,2.953125,Natural Born Killers (1994),01-Jan-1994,http://us.imdb.com/M/title-exact?Natural%20Born%20Killers%20(1994)
756,128,2.8984375,Father of the Bride Part II (1995),01-Jan-1995,http://us.imdb.com/M/title-exact?Father%20of%20the%20Bride%20Part%20II%20(1995)
325,128,2.546875,Crash (1996),21-Mar-1997,http://us.imdb.com/M/title-exact?Crash%20(1996)
198,127,4.0078740157480315,Nikita (La Femme Nikita) (1990),01-Jan-1990,http://us.imdb.com/M/title-exact?Nikita%20(1990)
157,127,3.6929133858267718,Platoon (1986),01-Jan-1986,http://us.imdb.com/M/title-exact?Platoon%20(1986)
596,127,3.377952755905512,"Hunchback of Notre Dame, The (1996)",21-Jun-1996,"http://us.imdb.com/M/title-exact?Hunchback%20of%20Notre%20Dame,%20The%20(1996)"
291,127,3.37007874015748,Absolute Power (1997),14-Feb-1997,http://us.imdb.com/M/title-exact?Absolute%20Power%20(1997)
62,127,3.141732283464567,Stargate (1994),01-Jan-1994,http://us.imdb.com/M/title-exact?Stargate%20(1994)
260,127,2.574803149606299,Event Horizon (1997),01-Jan-1997,http://us.imdb.com/M/title-exact?Event+Horizon+(1997)
346,126,3.642857142857143,Jackie Brown (1997),01-Jan-1997,http://us.imdb.com/M/title-exact?imdb-title-119396
473,126,3.126984126984127,James and the Giant Peach (1996),12-Apr-1996,http://us.imdb.com/M/title-exact?James%20and%20the%20Giant%20Peach%20(1996)
178,125,4.344,12 Angry Men (1957),01-Jan-1957,http://us.imdb.com/M/title-exact?12%20Angry%20Men%20(1957)
116,125,3.824,Cold Comfort Farm (1995),23-Apr-1996,http://us.imdb.com/M/title-exact?Cold%20Comfort%20Farm%20(1995)%20(TV)
485,125,3.816,My Fair Lady (1964),01-Jan-1964,http://us.imdb.com/M/title-exact?My%20Fair%20Lady%20(1964)
324,125,3.136,Lost Highway (1997),21-Feb-1997,http://us.imdb.com/Title?Lost+Highway+(1997)
190,124,4.137096774193548,Henry V (1989),01-Jan-1989,http://us.imdb.com/M/title-exact?Henry%20V%20(1989)
520,124,4.104838709677419,"Great Escape, The (1963)",01-Jan-1963,"http://us.imdb.com/M/title-exact?Great%20Escape,%20The%20(1963)"
246,124,3.935483870967742,Chasing Amy (1997),01-Jan-1997,http://us.imdb.com/M/title-exact?Chasing+Amy+(1997)
750,124,3.8548387096774195,Amistad (1997),18-Dec-1997,http://us.imdb.com/M/title-exact?imdb-title-118607
526,124,3.8306451612903225,Ben-Hur (1959),01-Jan-1959,http://us.imdb.com/M/title-exact?Ben-Hur%20(1959)
233,124,3.2903225806451615,Under Siege (1992),01-Jan-1992,http://us.imdb.com/M/title-exact?Under%20Siege%20(1992)
343,124,3.096774193548387,Alien: Resurrection (1997),01-Jan-1997,http://us.imdb.com/M/title-exact?Alien%3A+Resurrection+(1997)
501,123,3.4959349593495936,Dumbo (1941),01-Jan-1941,http://us.imdb.com/M/title-exact?Dumbo%20(1941)
504,122,3.819672131147541,Bonnie and Clyde (1967),01-Jan-1967,http://us.imdb.com/M/title-exact?Bonnie%20and%20Clyde%20(1967)
170,121,4.1735537190082646,Cinema Paradiso (1988),01-Jan-1988,http://us.imdb.com/M/title-exact?Nuovo%20cinema%20Paradiso%20(1988)
528,121,4.132231404958677,"Killing Fields, The (1984)",01-Jan-1984,"http://us.imdb.com/M/title-exact?Killing%20Fields,%20The%20(1984)"
510,121,3.9421487603305785,"Magnificent Seven, The (1954)",01-Jan-1954,http://us.imdb.com/M/title-exact?Shichinin%20no%20samurai%20(1954)
509,121,3.8512396694214877,My Left Foot (1989),01-Jan-1989,http://us.imdb.com/M/title-exact?My%20Left%20Foot%20(1989)
428,121,3.8181818181818183,Harold and Maude (1971),01-Jan-1971,http://us.imdb.com/M/title-exact?Harold%20and%20Maude%20(1971)
447,121,3.5041322314049586,Carrie (1976),01-Jan-1976,http://us.imdb.com/M/title-exact?Carrie%20(1976)
521,120,3.8333333333333335,"Deer Hunter, The (1978)",01-Jan-1978,"http://us.imdb.com/M/title-exact?Deer%20Hunter,%20The%20(1978)"
217,120,3.158333333333333,Bram Stoker's Dracula (1992),01-Jan-1992,http://us.imdb.com/M/title-exact?Bram%20Stoker's%20Dracula%20(1992)
38,120,3.0083333333333333,"Net, The (1995)",01-Jan-1995,"http://us.imdb.com/M/title-exact?Net,%20The%20(1995)"
746,119,3.6638655462184873,Real Genius (1985),01-Jan-1985,http://us.imdb.com/M/title-exact?Real%20Genius%20(1985)
631,119,3.6218487394957983,"Crying Game, The (1992)",01-Jan-1992,"http://us.imdb.com/M/title-exact?Crying%20Game,%20The%20(1992)"
866,119,3.319327731092437,Michael (1996),25-Dec-1996,http://us.imdb.com/M/title-exact?Michael%20(1996)
169,118,4.466101694915254,"Wrong Trousers, The (1993)",01-Jan-1993,"http://us.imdb.com/M/title-exact?Wrong%20Trousers,%20The%20(1993)"
48,117,4.094017094017094,Hoop Dreams (1994),01-Jan-1994,http://us.imdb.com/M/title-exact?Hoop%20Dreams%20(1994)
242,117,3.9914529914529915,Kolya (1996),24-Jan-1997,http://us.imdb.com/M/title-exact?Kolya%20(1996)
449,117,3.034188034188034,Star Trek: The Motion Picture (1979),01-Jan-1979,http://us.imdb.com/M/title-exact?Star%20Trek:%20The%20Motion%20Picture%20(1979)
192,116,4.120689655172414,Raging Bull (1980),01-Jan-1980,http://us.imdb.com/M/title-exact?Raging%20Bull%20(1980)
663,116,3.9051724137931036,Being There (1979),01-Jan-1979,http://us.imdb.com/M/title-exact?Being%20There%20(1979)
184,116,3.4310344827586206,Army of Darkness (1993),01-Jan-1993,http://us.imdb.com/M/title-exact?Army%20of%20Darkness%20(1993)
380,116,3.336206896551724,Star Trek: Generations (1994),01-Jan-1994,http://us.imdb.com/M/title-exact?Star%20Trek:%20Generations%20(1994)
659,115,4.078260869565217,Arsenic and Old Lace (1944),01-Jan-1944,http://us.imdb.com/M/title-exact?Arsenic%20and%20Old%20Lace%20(1944)
65,115,3.5391304347826087,What's Eating Gilbert Grape (1993),01-Jan-1993,http://us.imdb.com/M/title-exact?What's%20Eating%20Gilbert%20Grape%20(1993)
762,115,3.391304347826087,Beautiful Girls (1996),09-Feb-1996,http://us.imdb.com/M/title-exact?Beautiful%20Girls%20(1996)
123,115,3.234782608695652,"Frighteners, The (1996)",19-Jul-1996,"http://us.imdb.com/M/title-exact?Frighteners,%20The%20(1996)"
292,114,3.6666666666666665,Rosewood (1997),21-Feb-1997,http://us.imdb.com/M/title-exact?Rosewood%20(1997)
214,114,3.3508771929824563,Pink Floyd - The Wall (1982),01-Jan-1982,http://us.imdb.com/M/title-exact?Pink%20Floyd%20-%20The%20Wall%20(1982)
29,114,2.6666666666666665,Batman Forever (1995),01-Jan-1995,http://us.imdb.com/M/title-exact?Batman%20Forever%20(1995)
331,113,3.5398230088495577,"Edge, The (1997)",26-Sep-1997,http://us.imdb.com/M/title-exact?Edge%2C+The+(1997/I)
408,112,4.491071428571429,"Close Shave, A (1995)",28-Apr-1996,"http://us.imdb.com/M/title-exact?Close%20Shave,%20A%20(1995)"
316,112,4.196428571428571,As Good As It Gets (1997),23-Dec-1997,http://us.imdb.com/Title?As+Good+As+It+Gets+(1997)
93,112,3.7232142857142856,Welcome to the Dollhouse (1995),24-May-1996,http://us.imdb.com/Title?Welcome+to+the+Dollhouse+(1995)
815,112,3.232142857142857,One Fine Day (1996),30-Nov-1996,http://us.imdb.com/M/title-exact?One%20Fine%20Day%20(1996)
382,111,3.5945945945945947,"Adventures of Priscilla, Queen of the Desert, The (1994)",01-Jan-1994,"http://us.imdb.com/M/title-exact?Adventures%20of%20Priscilla,%20Queen%20of%20the%20Desert,%20The%20(1994)"
219,111,3.171171171171171,"Nightmare on Elm Street, A (1984)",01-Jan-1984,"http://us.imdb.com/M/title-exact?Nightmare%20on%20Elm%20Street,%20A%20(1984)"
81,110,3.5545454545454547,"Hudsucker Proxy, The (1994)",01-Jan-1994,"http://us.imdb.com/M/title-exact?Hudsucker%20Proxy,%20The%20(1994)"
225,109,2.908256880733945,101 Dalmatians (1996),27-Nov-1996,http://us.imdb.com/M/title-exact?101%20Dalmatians%20(1996)
470,108,3.6666666666666665,Tombstone (1993),01-Jan-1993,http://us.imdb.com/M/title-exact?Tombstone%20(1993)
679,107,3.046728971962617,Conan the Barbarian (1981),01-Jan-1981,http://us.imdb.com/M/title-exact?Conan+the+Barbarian+(1981)
421,106,3.5943396226415096,William Shakespeare's Romeo and Juliet (1996),25-Oct-1996,http://us.imdb.com/Title?Romeo+%2B+Juliet+(1996)
162,106,3.556603773584906,On Golden Pond (1981),01-Jan-1981,http://us.imdb.com/M/title-exact?On%20Golden%20Pond%20(1981)
895,106,3.2169811320754715,Scream 2 (1997),01-Jan-1997,http://us.imdb.com/M/title-exact?imdb-title-120082
122,106,2.339622641509434,"Cable Guy, The (1996)",14-Jun-1996,"http://us.imdb.com/M/title-exact?Cable%20Guy,%20The%20(1996)"
136,105,4.123809523809523,Mr. Smith Goes to Washington (1939),01-Jan-1939,http://us.imdb.com/M/title-exact?Mr.%20Smith%20Goes%20to%20Washington%20(1939)
478,104,4.115384615384615,"Philadelphia Story, The (1940)",01-Jan-1940,"http://us.imdb.com/M/title-exact?Philadelphia%20Story,%20The%20(1940)"
709,104,4.028846153846154,Strictly Ballroom (1992),01-Jan-1992,http://us.imdb.com/M/title-exact?Strictly%20Ballroom%20(1992)
92,104,3.6153846153846154,True Romance (1993),01-Jan-1993,http://us.imdb.com/M/title-exact?True%20Romance%20(1993)
54,104,3.2403846153846154,Outbreak (1995),01-Jan-1995,http://us.imdb.com/M/title-exact?Outbreak%20(1995)
928,104,3.1153846153846154,"Craft, The (1996)",26-Apr-1996,"http://us.imdb.com/M/title-exact?Craft,%20The%20(1996)"
67,103,3.0485436893203883,Ace Ventura: Pet Detective (1994),01-Jan-1994,http://us.imdb.com/M/title-exact?Ace%20Ventura:%20Pet%20Detective%20(1994)
317,102,3.911764705882353,In the Name of the Father (1993),01-Jan-1993,http://us.imdb.com/M/title-exact?In%20the%20Name%20of%20the%20Father%20(1993)
699,102,3.676470588235294,Little Women (1994),01-Jan-1994,http://us.imdb.com/M/title-exact?Little%20Women%20(1994)
747,102,3.4607843137254903,Benny & Joon (1993),01-Jan-1993,http://us.imdb.com/M/title-exact?Benny%20&%20Joon%20(1993)
554,102,2.803921568627451,Waterworld (1995),01-Jan-1995,http://us.imdb.com/M/title-exact?Waterworld%20(1995)
378,101,3.722772277227723,Miracle on 34th Street (1994),01-Jan-1994,http://us.imdb.com/M/title-exact?Miracle%20on%2034th%20Street%20(1994)
404,101,3.6732673267326734,Pinocchio (1940),01-Jan-1940,http://us.imdb.com/M/title-exact?Pinocchio%20(1940)
708,101,3.4752475247524752,"Sex, Lies, and Videotape (1989)",01-Jan-1989,"http://us.imdb.com/M/title-exact?sex,%20lies,%20and%20videotape%20(1989)"
159,101,3.227722772277228,Basic Instinct (1992),01-Jan-1992,http://us.imdb.com/M/title-exact?Basic%20Instinct%20(1992)
232,101,3.207920792079208,Young Guns (1988),01-Jan-1988,http://us.imdb.com/M/title-exact?Young%20Guns%20(1988)
264,101,2.742574257425743,Mimic (1997),22-Aug-1997,http://us.imdb.com/M/title-exact?Mimic+(1997)
926,101,2.702970297029703,Down Periscope (1996),01-Mar-1996,http://us.imdb.com/M/title-exact?Down%20Periscope%20(1996)
381,100,3.55,Muriel's Wedding (1994),01-Jan-1994,http://us.imdb.com/M/title-exact?Muriel's%20Wedding%20(1994)
1012,100,3.53,Private Parts (1997),07-Mar-1997,http://us.imdb.com/M/title-exact?Private%20Parts%20(1997)
682,100,3.06,I Know What You Did Last Summer (1997),17-Oct-1997,http://us.imdb.com/M/title-exact?I+Know+What+You+Did+Last+Summer+(1997)
665,100,2.83,Alien 3 (1992),01-Jan-1992,http://us.imdb.com/M/title-exact?Alien%203%20(1992)
436,99,3.5353535353535355,"American Werewolf in London, An (1981)",01-Jan-1981,"http://us.imdb.com/M/title-exact?American%20Werewolf%20in%20London,%20An%20(1981)"
507,98,3.816326530612245,"Streetcar Named Desire, A (1951)",01-Jan-1951,"http://us.imdb.com/M/title-exact?Streetcar%20Named%20Desire,%20A%20(1951)"
155,98,3.1020408163265305,Dirty Dancing (1987),01-Jan-1987,http://us.imdb.com/M/title-exact?Dirty%20Dancing%20(1987)
1014,98,3.061224489795918,Romy and Michele's High School Reunion (1997),25-Apr-1997,http://us.imdb.com/M/title-exact?Romy%20and%20Michele%27s%20High%20School%20Reunion%20%281997%29
429,97,3.9381443298969074,"Day the Earth Stood Still, The (1951)",01-Jan-1951,"http://us.imdb.com/M/title-exact?Day%20the%20Earth%20Stood%20Still,%20The%20(1951)"
126,97,3.804123711340206,"Spitfire Grill, The (1996)",06-Sep-1996,"http://us.imdb.com/M/title-exact?Spitfire%20Grill,%20The%20(1996)"
33,97,3.4536082474226806,Desperado (1995),01-Jan-1995,http://us.imdb.com/M/title-exact?Desperado%20(1995)
356,97,3.381443298969072,"Client, The (1994)",01-Jan-1994,"http://us.imdb.com/M/title-exact?Client,%20The%20(1994)"
306,96,3.9479166666666665,"Mrs. Brown (Her Majesty, Mrs. Brown) (1997)",01-Jan-1997,http://us.imdb.com/M/title-exact?Her+Majesty%2C+Mrs%2E+Brown+(1997)
919,96,3.7916666666666665,"City of Lost Children, The (1995)",01-Jan-1995,"http://us.imdb.com/Title?Cit%E9+des+enfants+perdus,+La+(1995)"
755,96,3.3125,Jumanji (1995),01-Jan-1995,http://us.imdb.com/M/title-exact?Jumanji%20(1995)
290,96,3.1145833333333335,Fierce Creatures (1997),10-Jan-1997,http://us.imdb.com/M/title-exact?Fierce%20Creatures%20(1997)
131,95,3.7263157894736842,Breakfast at Tiffany's (1961),01-Jan-1961,http://us.imdb.com/M/title-exact?Breakfast%20at%20Tiffany's%20(1961)
477,95,3.210526315789474,Matilda (1996),02-Aug-1996,http://us.imdb.com/M/title-exact?Matilda%20(1996)
90,95,3.0526315789473686,So I Married an Axe Murderer (1993),01-Jan-1993,http://us.imdb.com/M/title-exact?So%20I%20Married%20an%20Axe%20Murderer%20(1993)
430,93,4.0,Duck Soup (1933),01-Jan-1933,http://us.imdb.com/M/title-exact?Duck%20Soup%20(1933)
529,93,3.978494623655914,My Life as a Dog (Mitt liv som hund) (1985),01-Jan-1985,http://us.imdb.com/M/title-exact?Mitt%20liv%20som%20hund%20(1985)
1011,93,3.225806451612903,2 Days in the Valley (1996),27-Sep-1996,http://us.imdb.com/M/title-exact?2%20Days%20in%20the%20Valley%20(1996)
576,93,3.021505376344086,Cliffhanger (1993),01-Jan-1993,http://us.imdb.com/M/title-exact?Cliffhanger%20(1993)
820,93,2.774193548387097,Space Jam (1996),15-Nov-1996,http://us.imdb.com/M/title-exact?Space%20Jam%20(1996)
412,93,2.3978494623655915,"Very Brady Sequel, A (1996)",23-Aug-1996,"http://us.imdb.com/M/title-exact?Very%20Brady%20Sequel,%20A%20(1996)"
549,92,3.5652173913043477,Rob Roy (1995),01-Jan-1995,http://us.imdb.com/M/title-exact?Rob%20Roy%20(1995)
163,92,3.5543478260869565,"Return of the Pink Panther, The (1974)",01-Jan-1974,"http://us.imdb.com/M/title-exact?Return%20of%20the%20Pink%20Panther,%20The%20(1974)"
212,92,3.4565217391304346,"Unbearable Lightness of Being, The (1988)",01-Jan-1988,"http://us.imdb.com/M/title-exact?Unbearable%20Lightness%20of%20Being,%20The%20(1988)"
744,92,3.4565217391304346,Michael Collins (1996),11-Oct-1996,http://us.imdb.com/M/title-exact?Michael%20Collins%20(1996)
578,92,3.152173913043478,Demolition Man (1993),01-Jan-1993,http://us.imdb.com/M/title-exact?Demolition%20Man%20(1993)
17,92,3.119565217391304,From Dusk Till Dawn (1996),05-Feb-1996,http://us.imdb.com/M/title-exact?From%20Dusk%20Till%20Dawn%20(1996)
52,91,3.769230769230769,"Madness of King George, The (1994)",01-Jan-1994,"http://us.imdb.com/M/title-exact?Madness%20of%20King%20George,%20The%20(1994)"
517,91,3.769230769230769,Manhattan (1979),01-Jan-1979,http://us.imdb.com/M/title-exact?Manhattan%20(1979)
693,91,3.6483516483516483,Casino (1995),01-Jan-1995,http://us.imdb.com/M/title-exact?Casino%20(1995)
636,91,3.241758241758242,Escape from New York (1981),01-Jan-1981,http://us.imdb.com/M/title-exact?Escape%20from%20New%20York%20(1981)
338,91,2.659340659340659,Bean (1997),01-Jan-1997,http://us.imdb.com/M/title-exact?Bean+(1997)
831,91,2.4615384615384617,Escape from L.A. (1996),09-Aug-1996,http://us.imdb.com/M/title-exact?Escape%20from%20L.A.%20(1996)
1039,90,4.011111111111111,Hamlet (1996),24-Jan-1997,http://us.imdb.com/M/title-exact?Hamlet%20(1996)
652,90,3.888888888888889,Rosencrantz and Guildenstern Are Dead (1990),01-Jan-1990,http://us.imdb.com/M/title-exact?Rosencrantz%20and%20Guildenstern%20Are%20Dead%20(1990)
506,90,3.8555555555555556,Rebel Without a Cause (1955),01-Jan-1955,http://us.imdb.com/M/title-exact?Rebel%20Without%20a%20Cause%20(1955)
458,90,3.1222222222222222,Nixon (1995),01-Jan-1995,http://us.imdb.com/M/title-exact?Nixon%20(1995)
3,90,3.033333333333333,Four Rooms (1995),01-Jan-1995,http://us.imdb.com/M/title-exact?Four%20Rooms%20(1995)
10,89,3.831460674157303,Richard III (1995),22-Jan-1996,http://us.imdb.com/M/title-exact?Richard%20III%20(1995)
518,89,3.651685393258427,Miller's Crossing (1990),01-Jan-1990,http://us.imdb.com/M/title-exact?Miller's%20Crossing%20(1990)
201,89,3.5168539325842696,Evil Dead II (1987),01-Jan-1987,http://us.imdb.com/M/title-exact?Evil%20Dead%20II%20(1987)
642,89,3.4831460674157304,"Grifters, The (1990)",01-Jan-1990,"http://us.imdb.com/M/title-exact?Grifters,%20The%20(1990)"
399,89,3.303370786516854,"Three Musketeers, The (1993)",01-Jan-1993,"http://us.imdb.com/M/title-exact?Three%20Musketeers,%20The%20(1993)"
661,88,4.1022727272727275,High Noon (1952),01-Jan-1952,http://us.imdb.com/M/title-exact?High%20Noon%20(1952)
305,87,3.6436781609195403,"Ice Storm, The (1997)",01-Jan-1997,http://us.imdb.com/M/title-exact?Ice+Storm%2C+The+(1997)
715,87,3.2758620689655173,To Die For (1995),01-Jan-1995,http://us.imdb.com/M/title-exact?To%20Die%20For%20(1995)
39,87,3.264367816091954,Strange Days (1995),01-Jan-1995,http://us.imdb.com/M/title-exact?Strange%20Days%20(1995)
689,87,3.1494252873563218,"Jackal, The (1997)",01-Jan-1997,http://us.imdb.com/M/title-exact?Jackal%2C+The+(1997)
386,87,2.8160919540229883,Addams Family Values (1993),01-Jan-1993,http://us.imdb.com/M/title-exact?Addams%20Family%20Values%20(1993)
792,86,3.7209302325581395,Bullets Over Broadway (1994),01-Jan-1994,http://us.imdb.com/M/title-exact?Bullets%20Over%20Broadway%20(1994)
673,86,3.5232558139534884,Cape Fear (1962),01-Jan-1962,http://us.imdb.com/M/title-exact?Cape%20Fear%20(1962)
5,86,3.302325581395349,Copycat (1995),01-Jan-1995,http://us.imdb.com/M/title-exact?Copycat%20(1995)
864,86,3.1627906976744184,My Fellow Americans (1996),20-Dec-1996,http://us.imdb.com/M/title-exact?My%20Fellow%20Americans%20(1996)
720,86,3.0232558139534884,First Knight (1995),01-Jan-1995,http://us.imdb.com/M/title-exact?First%20Knight%20(1995)
988,86,2.313953488372093,"Beautician and the Beast, The (1997)",07-Feb-1997,"http://us.imdb.com/M/title-exact?Beautician%20and%20the%20Beast,%20The%20(1997)"
425,85,3.7411764705882353,Bob Roberts (1992),01-Jan-1992,http://us.imdb.com/M/title-exact?Bob%20Roberts%20(1992)
465,85,3.5647058823529414,"Jungle Book, The (1994)",01-Jan-1994,"http://us.imdb.com/M/title-exact?Jungle%20Book,%20The%20(1994)"
924,85,3.4,White Squall (1996),01-Jan-1996,http://us.imdb.com/M/title-exact?White%20Squall%20(1996)
448,85,3.388235294117647,"Omen, The (1976)",01-Jan-1976,"http://us.imdb.com/M/title-exact?Omen,%20The%20(1976)"
280,85,3.1882352941176473,Up Close and Personal (1996),01-Mar-1996,http://us.imdb.com/M/title-exact?Up%20Close%20and%20Personal%20(1996)
781,84,3.3333333333333335,French Kiss (1995),01-Jan-1995,http://us.imdb.com/M/title-exact?French%20Kiss%20(1995)
21,84,2.761904761904762,Muppet Treasure Island (1996),16-Feb-1996,http://us.imdb.com/M/title-exact?Muppet%20Treasure%20Island%20(1996)
59,83,4.0602409638554215,Three Colors: Red (1994),01-Jan-1994,http://us.imdb.com/M/title-exact?Trzy%20kolory:%20Czerwony%20(1994)
825,83,3.036144578313253,"Arrival, The (1996)",31-May-1996,"http://us.imdb.com/M/title-exact?Arrival,%20The%20(1996)"
152,82,3.6341463414634148,Sleeper (1973),01-Jan-1973,http://us.imdb.com/M/title-exact?Sleeper%20(1973)
662,82,3.426829268292683,Somewhere in Time (1980),01-Jan-1980,http://us.imdb.com/M/title-exact?Somewhere%20in%20Time%20(1980)
625,82,3.3292682926829267,"Sword in the Stone, The (1963)",01-Jan-1963,"http://us.imdb.com/M/title-exact?Sword%20in%20the%20Stone,%20The%20(1963)"
63,82,3.097560975609756,"Santa Clause, The (1994)",01-Jan-1994,"http://us.imdb.com/M/title-exact?Santa%20Clause,%20The%20(1994)"
640,82,3.024390243902439,"Cook the Thief His Wife & Her Lover, The (1989)",01-Jan-1989,"http://us.imdb.com/M/title-exact?Cook%20the%20Thief%20His%20Wife%20&%20Her%20Lover,%20The%20(1989)"
823,82,2.8780487804878048,Mulholland Falls (1996),26-Apr-1996,http://us.imdb.com/M/title-exact?Mulholland%20Falls%20(1996)
717,82,2.817073170731707,"Juror, The (1996)",01-Jan-1996,"http://us.imdb.com/M/title-exact?Juror,%20The%20(1996)"
604,81,4.012345679012346,It Happened One Night (1934),01-Jan-1934,http://us.imdb.com/M/title-exact?It%20Happened%20One%20Night%20(1934)
32,81,3.7901234567901234,Crumb (1994),01-Jan-1994,http://us.imdb.com/M/title-exact?Crumb%20(1994)
420,81,3.6666666666666665,Alice in Wonderland (1951),01-Jan-1951,http://us.imdb.com/M/title-exact?Alice%20in%20Wonderland%20(1951)
729,81,3.4814814814814814,Nell (1994),01-Jan-1994,http://us.imdb.com/M/title-exact?Nell%20(1994)
51,81,3.45679012345679,Legends of the Fall (1994),01-Jan-1994,http://us.imdb.com/M/title-exact?Legends%20of%20the%20Fall%20(1994)
49,81,3.3209876543209877,I.Q. (1994),01-Jan-1994,http://us.imdb.com/M/title-exact?I.Q.%20(1994)
873,81,2.962962962962963,Picture Perfect (1997),01-Aug-1997,http://us.imdb.com/M/title-exact?Picture+Perfect+(1997)
519,80,4.1,"Treasure of the Sierra Madre, The (1948)",01-Jan-1948,"http://us.imdb.com/M/title-exact?Treasure%20of%20the%20Sierra%20Madre,%20The%20(1948)"
45,80,4.05,Eat Drink Man Woman (1994),01-Jan-1994,http://us.imdb.com/M/title-exact?Yinshi%20Nan%20Nu%20(1994)
530,80,4.025,"Man Who Would Be King, The (1975)",01-Jan-1975,"http://us.imdb.com/M/title-exact?Man%20Who%20Would%20Be%20King,%20The%20(1975)"
312,80,3.1625,Midnight in the Garden of Good and Evil (1997),01-Jan-1997,http://us.imdb.com/M/title-exact?Midnight+in+the+Garden+of+Good+and+Evil+(1997)
930,80,2.7,Chain Reaction (1996),31-Jul-1996,http://us.imdb.com/M/title-exact?Chain%20Reaction%20(1996)
826,80,2.575,"Phantom, The (1996)",07-Jun-1996,"http://us.imdb.com/M/title-exact?Phantom,%20The%20(1996)"
710,79,3.569620253164557,Better Off Dead... (1985),01-Jan-1985,http://us.imdb.com/Title?Better+Off+Dead...+(1985)
584,79,3.5443037974683542,"Secret Garden, The (1993)",01-Jan-1993,"http://us.imdb.com/M/title-exact?Secret%20Garden,%20The%20(1993)"
658,79,3.4177215189873418,Pump Up the Volume (1990),01-Jan-1990,http://us.imdb.com/M/title-exact?Pump%20Up%20the%20Volume%20(1990)
44,79,3.3417721518987342,Dolores Claiborne (1994),01-Jan-1994,http://us.imdb.com/M/title-exact?Dolores%20Claiborne%20(1994)
696,79,3.1392405063291138,City Hall (1996),16-Feb-1996,http://us.imdb.com/M/title-exact?City%20Hall%20(1996)
736,78,3.9358974358974357,Shadowlands (1993),01-Jan-1993,http://us.imdb.com/M/title-exact?Shadowlands%20(1993)
287,78,3.58974358974359,Marvin's Room (1996),18-Dec-1996,http://us.imdb.com/M/title-exact?Marvin's%20Room%20(1996)
295,77,3.4025974025974026,Breakdown (1997),02-May-1997,http://us.imdb.com/M/title-exact?Breakdown%20%281997%29
629,77,3.3376623376623376,Victor/Victoria (1982),01-Jan-1982,http://us.imdb.com/M/title-exact?Victor/Victoria%20%281982%29
676,77,3.3376623376623376,"Crucible, The (1996)",27-Nov-1996,"http://us.imdb.com/M/title-exact?Crucible,%20The%20(1996)"
1074,77,2.961038961038961,Reality Bites (1994),01-Jan-1994,http://us.imdb.com/M/title-exact?Reality%20Bites%20(1994)
778,76,3.5526315789473686,Don Juan DeMarco (1995),01-Jan-1995,http://us.imdb.com/M/title-exact?Don%20Juan%20DeMarco%20and%20the%20Centerfold%20(1995)
724,76,3.486842105263158,Circle of Friends (1995),01-Jan-1995,http://us.imdb.com/M/title-exact?Circle%20of%20Friends%20(1995)
401,76,2.8026315789473686,"Brady Bunch Movie, The (1995)",01-Jan-1995,"http://us.imdb.com/M/title-exact?Brady%20Bunch%20Movie,%20The%20(1995)"
969,75,3.8,Winnie the Pooh and the Blustery Day (1968),01-Jan-1968,http://us.imdb.com/M/title-exact?Winnie%20the%20Pooh%20and%20the%20Blustery%20Day%20%281968%29
311,75,3.68,"Wings of the Dove, The (1997)",01-Jan-1997,http://us.imdb.com/M/title-exact?Wings+of+the+Dove%2C+The+(1997)
627,75,3.2266666666666666,Robin Hood: Prince of Thieves (1991),01-Jan-1991,http://us.imdb.com/Title?Robin+Hood%3A+Prince+of+Thieves+(1991)
871,75,2.4,Vegas Vacation (1997),14-Feb-1997,http://us.imdb.com/M/title-exact?Vegas%20Vacation%20(1997)
1101,74,3.77027027027027,Six Degrees of Separation (1993),01-Jan-1993,http://us.imdb.com/M/title-exact?Six%20Degrees%20of%20Separation%20(1993)
221,74,3.72972972972973,Breaking the Waves (1996),15-Nov-1996,http://us.imdb.com/M/title-exact?Breaking%20the%20Waves%20(1996)
461,74,3.6216216216216215,Smoke (1995),01-Jan-1995,http://us.imdb.com/M/title-exact?Smoke%20(1995)
105,74,2.5675675675675675,Sgt. Bilko (1996),29-Mar-1996,http://us.imdb.com/M/title-exact?Sgt.%20Bilko%20(1996)
525,73,4.027397260273973,"Big Sleep, The (1946)",01-Jan-1946,"http://us.imdb.com/M/title-exact?Big%20Sleep,%20The%20(1946)"
26,73,3.452054794520548,"Brothers McMullen, The (1995)",01-Jan-1995,"http://us.imdb.com/M/title-exact?Brothers%20McMullen,%20The%20(1995)"
101,73,3.26027397260274,Heavy Metal (1981),08-Mar-1981,http://us.imdb.com/M/title-exact?Heavy%20Metal%20(1981)
417,73,3.095890410958904,"Parent Trap, The (1961)",01-Jan-1961,"http://us.imdb.com/M/title-exact?Parent%20Trap,%20The%20(1961)"
1048,73,3.0136986301369864,She's the One (1996),23-Aug-1996,http://us.imdb.com/M/title-exact?She's%20the%20One%20(1996)
299,73,2.9315068493150687,Hoodlum (1997),22-Aug-1997,http://us.imdb.com/M/title-exact?Hoodlum+(1997)
513,72,4.333333333333333,"Third Man, The (1949)",01-Jan-1949,"http://us.imdb.com/M/title-exact?Third%20Man,%20The%20(1949)"
713,72,3.611111111111111,Othello (1995),18-Dec-1995,http://us.imdb.com/M/title-exact?Othello%20(1995)
650,72,3.5416666666666665,"Seventh Seal, The (Sjunde inseglet, Det) (1957)",01-Jan-1957,"http://us.imdb.com/M/title-exact?Sjunde%20inseglet,%20Det%20(1957)"
141,72,3.5,"20,000 Leagues Under the Sea (1954)",01-Jan-1954,"http://us.imdb.com/M/title-exact?20,000%20Leagues%20Under%20the%20Sea%20(1954)"
354,72,3.486111111111111,"Wedding Singer, The (1998)",13-Feb-1998,http://us.imdb.com/M/title-exact?Wedding+Singer%2C+The+(1998)
20,72,3.4166666666666665,Angels and Insects (1995),01-Jan-1995,http://us.imdb.com/M/title-exact?Angels%20and%20Insects%20(1995)
463,71,3.859154929577465,"Secret of Roan Inish, The (1994)",01-Jan-1994,"http://us.imdb.com/M/title-exact?Secret%20of%20Roan%20Inish,%20The%20(1994)"
277,71,3.464788732394366,Restoration (1995),01-Jan-1995,http://us.imdb.com/M/title-exact?Restoration%20(1995)
949,71,3.3380281690140845,How to Make an American Quilt (1995),01-Jan-1995,http://us.imdb.com/M/title-exact?How%20to%20Make%20an%20American%20Quilt%20(1995)
544,71,3.1549295774647885,Things to Do in Denver when You're Dead (1995),02-Feb-1996,http://us.imdb.com/M/title-exact?Things%20to%20Do%20in%20Denver%20when%20You're%20Dead%20(1995)
106,71,2.887323943661972,Diabolique (1996),01-Jan-1996,http://us.imdb.com/M/title-exact?Diabolique%20(1996)
647,70,4.1,Ran (1985),01-Jan-1985,http://us.imdb.com/M/title-exact?Ran%20(1985)
707,70,3.9285714285714284,Enchanted April (1991),01-Jan-1991,http://us.imdb.com/M/title-exact?Enchanted%20April%20(1991)
558,70,3.6714285714285713,Heavenly Creatures (1994),01-Jan-1994,http://us.imdb.com/M/title-exact?Heavenly%20Creatures%20(1994)
409,70,3.142857142857143,Jack (1996),07-Aug-1996,http://us.imdb.com/M/title-exact?Jack%20(1996)
633,69,4.057971014492754,"Christmas Carol, A (1938)",01-Jan-1938,"http://us.imdb.com/M/title-exact?Christmas%20Carol,%20A%20(1938)"
19,69,3.9565217391304346,Antonia's Line (1995),01-Jan-1995,http://us.imdb.com/M/title-exact?Antonia%20(1995)
160,69,3.463768115942029,Glengarry Glen Ross (1992),01-Jan-1992,http://us.imdb.com/M/title-exact?Glengarry%20Glen%20Ross%20(1992)
780,69,3.0,Dumb & Dumber (1994),01-Jan-1994,http://us.imdb.com/M/title-exact?Dumb%20&%20Dumber%20(1994)
384,69,2.782608695652174,Naked Gun 33 1/3: The Final Insult (1994),01-Jan-1994,http://us.imdb.com/M/title-exact?Naked%20Gun%2033%201/3:%20The%20Final%20Insult%20(1994)
687,69,2.1884057971014492,McHale's Navy (1997),18-Apr-1997,http://us.imdb.com/M/title-exact?McHale's%20Navy%20(1997)
487,68,4.102941176470588,Roman Holiday (1953),01-Jan-1953,http://us.imdb.com/M/title-exact?Roman%20Holiday%20(1953)
505,68,4.0,Dial M for Murder (1954),01-Jan-1954,http://us.imdb.com/M/title-exact?Dial%20M%20for%20Murder%20(1954)
497,68,3.838235294117647,Bringing Up Baby (1938),01-Jan-1938,http://us.imdb.com/M/title-exact?Bringing%20Up%20Baby%20(1938)
392,68,3.5441176470588234,"Man Without a Face, The (1993)",01-Jan-1993,"http://us.imdb.com/M/title-exact?Man%20Without%20a%20Face,%20The%20(1993)"
1035,68,3.161764705882353,Cool Runnings (1993),01-Jan-1993,http://us.imdb.com/M/title-exact?Cool%20Runnings%20(1993)
934,68,2.926470588235294,"Preacher's Wife, The (1996)",13-Dec-1996,"http://us.imdb.com/M/title-exact?Preacher's%20Wife,%20The%20(1996)"
80,68,2.764705882352941,Hot Shots! Part Deux (1993),01-Jan-1993,http://us.imdb.com/M/title-exact?Hot%20Shots!%20Part%20Deux%20(1993)
114,67,4.447761194029851,Wallace & Gromit: The Best of Aardman Animation (1996),05-Apr-1996,http://us.imdb.com/Title?Wallace+%26+Gromit%3A+The+Best+of+Aardman+Animation+(1996)
648,67,4.029850746268656,"Quiet Man, The (1952)",01-Jan-1952,"http://us.imdb.com/M/title-exact?Quiet%20Man,%20The%20(1952)"
434,67,3.8358208955223883,Forbidden Planet (1956),01-Jan-1956,http://us.imdb.com/M/title-exact?Forbidden%20Planet%20(1956)
491,67,3.791044776119403,"Adventures of Robin Hood, The (1938)",01-Jan-1938,"http://us.imdb.com/M/title-exact?Adventures%20of%20Robin%20Hood,%20The%20(1938)"
469,67,3.7761194029850746,Short Cuts (1993),01-Jan-1993,http://us.imdb.com/M/title-exact?Short%20Cuts%20(1993)
371,67,3.1641791044776117,"Bridges of Madison County, The (1995)",09-Feb-1996,"http://us.imdb.com/M/title-exact?Bridges%20of%20Madison%20County,%20The%20(1995)"
167,67,2.955223880597015,Private Benjamin (1980),01-Jan-1980,http://us.imdb.com/M/title-exact?Private%20Benjamin%20(1980)
569,67,2.701492537313433,Wolf (1994),01-Jan-1994,http://us.imdb.com/M/title-exact?Wolf%20(1994)
120,67,2.2388059701492535,Striptease (1996),28-Jun-1996,http://us.imdb.com/M/title-exact?Striptease%20(1996)
189,66,4.106060606060606,"Grand Day Out, A (1992)",01-Jan-1992,"http://us.imdb.com/M/title-exact?Grand%20Day%20Out,%20A%20(1992)"
606,66,4.045454545454546,All About Eve (1950),01-Jan-1950,http://us.imdb.com/M/title-exact?All%20About%20Eve%20(1950)
607,66,3.9696969696969697,Rebecca (1940),01-Jan-1940,http://us.imdb.com/M/title-exact?Rebecca%20(1940)
207,66,3.8181818181818183,Cyrano de Bergerac (1990),01-Jan-1990,http://us.imdb.com/M/title-exact?Cyrano%20de%20Bergerac%20(1990)
1073,66,3.8181818181818183,Shallow Grave (1994),01-Jan-1994,http://us.imdb.com/Title?Shallow+Grave+(1994)
855,66,3.727272727272727,Diva (1981),01-Jan-1981,http://us.imdb.com/M/title-exact?Diva%20(1981)
262,66,3.712121212121212,In the Company of Men (1997),01-Aug-1997,http://us.imdb.com/M/title-exact?In+the+Company+of+Men+(1997)
993,66,3.515151515151515,Hercules (1997),27-Jun-1997,http://us.imdb.com/M/title-exact?Hercules+(1997)
538,66,3.4242424242424243,Anastasia (1997),01-Jan-1997,http://us.imdb.com/M/title-exact?Anastasia+(1997)
220,66,3.3636363636363638,"Mirror Has Two Faces, The (1996)",15-Nov-1996,"http://us.imdb.com/M/title-exact?Mirror%20Has%20Two%20Faces,%20The%20(1996)"
790,66,2.909090909090909,Tommy Boy (1995),01-Jan-1995,http://us.imdb.com/M/title-exact?Tommy%20Boy%20(1995)
452,66,2.6666666666666665,Jaws 2 (1978),01-Jan-1978,http://us.imdb.com/M/title-exact?Jaws%202%20(1978)
488,65,4.2,Sunset Blvd. (1950),01-Jan-1950,http://us.imdb.com/M/title-exact?Sunset%20Boulevard%20(1950)
171,65,3.876923076923077,Delicatessen (1991),01-Jan-1991,http://us.imdb.com/M/title-exact?Delicatessen%20(1991)
128,65,3.5384615384615383,Supercop (1992),26-Jul-1996,http://us.imdb.com/M/title-exact?Police%20Story%20III:%20Supercop%20(1992)
345,65,3.4,Deconstructing Harry (1997),01-Jan-1997,http://us.imdb.com/M/title-exact?imdb-title-118954
387,65,3.3846153846153846,"Age of Innocence, The (1993)",01-Jan-1993,"http://us.imdb.com/M/title-exact?Age%20of%20Innocence,%20The%20(1993)"
108,65,3.076923076923077,Kids in the Hall: Brain Candy (1996),12-Apr-1996,http://us.imdb.com/M/title-exact?Kids%20in%20the%20Hall:%20Brain%20Candy%20(1996)
672,65,2.723076923076923,Candyman (1992),01-Jan-1992,http://us.imdb.com/M/title-exact?Candyman%20(1992)
145,65,2.4461538461538463,"Lawnmower Man, The (1992)",01-Jan-1992,"http://us.imdb.com/M/title-exact?Lawnmower%20Man,%20The%20(1992)"
165,64,4.109375,Jean de Florette (1986),01-Jan-1986,http://us.imdb.com/M/title-exact?Jean%20de%20Florette%20(1986)
60,64,4.015625,Three Colors: Blue (1993),01-Jan-1993,http://us.imdb.com/M/title-exact?Trzy%20kolory:%20Niebieski%20(1993)
486,64,3.796875,Sabrina (1954),01-Jan-1954,http://us.imdb.com/M/title-exact?Sabrina%20(1954)
887,64,3.609375,Eve's Bayou (1997),01-Jan-1997,http://us.imdb.com/M/title-exact?Eve's+Bayou+(1997)
416,64,3.484375,Old Yeller (1957),01-Jan-1957,http://us.imdb.com/M/title-exact?Old%20Yeller%20(1957)
959,64,3.46875,Dazed and Confused (1993),01-Jan-1993,http://us.imdb.com/M/title-exact?Dazed%20and%20Confused%20(1993)
616,64,3.421875,Night of the Living Dead (1968),01-Jan-1968,http://us.imdb.com/M/title-exact?Night%20of%20the%20Living%20Dead%20(1968)
1009,64,3.375,Stealing Beauty (1996),14-Jun-1996,http://us.imdb.com/M/title-exact?Stealing%20Beauty%20(1996)
334,64,3.359375,U Turn (1997),01-Jan-1997,http://us.imdb.com/Title?U+Turn+(1997)
468,64,3.3125,Rudy (1993),01-Jan-1993,http://us.imdb.com/M/title-exact?Rudy%20(1993)
619,64,3.171875,Extreme Measures (1996),27-Sep-1996,http://us.imdb.com/M/title-exact?Extreme%20Measures%20(1996)
595,64,3.09375,"Fan, The (1996)",16-Aug-1996,"http://us.imdb.com/M/title-exact?Fan,%20The%20(1996)"
516,63,3.9682539682539684,Local Hero (1983),01-Jan-1983,http://us.imdb.com/M/title-exact?Local%20Hero%20(1983)
481,63,3.9365079365079363,"Apartment, The (1960)",01-Jan-1960,"http://us.imdb.com/M/title-exact?Apartment,%20The%20(1960)"
740,63,3.4761904761904763,Jane Eyre (1996),05-Apr-1996,http://us.imdb.com/M/title-exact?Jane%20Eyre%20(1996)
727,63,3.4603174603174605,Immortal Beloved (1994),01-Jan-1994,http://us.imdb.com/M/title-exact?Immortal%20Beloved%20(1994)
553,63,3.2857142857142856,"Walk in the Clouds, A (1995)",01-Jan-1995,"http://us.imdb.com/M/title-exact?Walk%20in%20the%20Clouds,%20A%20(1995)"
450,63,2.3968253968253967,Star Trek V: The Final Frontier (1989),01-Jan-1989,http://us.imdb.com/M/title-exact?Star%20Trek%20V:%20The%20Final%20Frontier%20(1989)
499,62,3.9516129032258065,Cat on a Hot Tin Roof (1958),01-Jan-1958,http://us.imdb.com/M/title-exact?Cat%20on%20a%20Hot%20Tin%20Roof%20(1958)
414,62,3.532258064516129,My Favorite Year (1982),01-Jan-1982,http://us.imdb.com/M/title-exact?My%20Favorite%20Year%20(1982)
1041,62,3.193548387096774,Forget Paris (1995),01-Jan-1995,http://us.imdb.com/M/title-exact?Forget%20Paris%20(1995)
254,62,2.4516129032258065,Batman & Robin (1997),20-Jun-1997,http://us.imdb.com/M/title-exact?Batman+%26+Robin+(1997)
140,61,3.2131147540983607,Homeward Bound: The Incredible Journey (1993),01-Jan-1993,http://us.imdb.com/M/title-exact?Homeward%20Bound:%20The%20Incredible%20Journey%20(1993)
946,61,3.1475409836065573,"Fox and the Hound, The (1981)",01-Jan-1981,"http://us.imdb.com/M/title-exact?Fox%20and%20the%20Hound,%20The%20(1981)"
493,60,4.15,"Thin Man, The (1934)",01-Jan-1934,"http://us.imdb.com/M/title-exact?Thin%20Man,%20The%20(1934)"
939,60,3.6,Murder in the First (1995),01-Jan-1995,http://us.imdb.com/M/title-exact?Murder%20in%20the%20First%20(1995)
609,60,3.5833333333333335,Father of the Bride (1950),01-Jan-1950,http://us.imdb.com/M/title-exact?Father%20of%20the%20Bride%20(1950)
278,60,3.2333333333333334,Bed of Roses (1996),01-Jan-1996,http://us.imdb.com/M/title-exact?Bed%20of%20Roses%20(1996)
158,60,2.6166666666666667,Weekend at Bernie's (1989),01-Jan-1989,http://us.imdb.com/M/title-exact?Weekend%20at%20Bernie's%20(1989)
615,59,4.0508474576271185,"39 Steps, The (1935)",01-Jan-1935,"http://us.imdb.com/M/title-exact?39%20Steps,%20The%20(1935)"
61,59,3.864406779661017,Three Colors: White (1994),01-Jan-1994,http://us.imdb.com/M/title-exact?Trzy%20kolory:%20Bialy%20(1994)
492,59,3.864406779661017,East of Eden (1955),01-Jan-1955,http://us.imdb.com/M/title-exact?East%20of%20Eden%20(1955)
495,59,3.6610169491525424,Around the World in 80 Days (1956),01-Jan-1956,http://us.imdb.com/M/title-exact?Around%20the%20World%20in%2080%20Days%20(1956)
1119,59,3.6610169491525424,Some Kind of Wonderful (1987),01-Jan-1987,http://us.imdb.com/M/title-exact?Some%20Kind%20of%20Wonderful%20(1987)
581,59,3.2203389830508473,Kalifornia (1993),01-Jan-1993,http://us.imdb.com/M/title-exact?Kalifornia%20(1993)
880,59,3.169491525423729,Soul Food (1997),01-Jan-1997,http://us.imdb.com/M/title-exact?Soul+Food+(1997)
561,59,3.0677966101694913,Mary Shelley's Frankenstein (1994),01-Jan-1994,http://us.imdb.com/M/title-exact?Mary%20Shelley's%20Frankenstein%20(1994)
737,59,2.983050847457627,Sirens (1994),01-Jan-1994,http://us.imdb.com/M/title-exact?Sirens%20(1994)
391,59,2.7457627118644066,Last Action Hero (1993),01-Jan-1993,http://us.imdb.com/M/title-exact?Last%20Action%20Hero%20(1993)
923,58,4.155172413793103,Raise the Red Lantern (1991),01-Jan-1991,http://us.imdb.com/M/title-exact?Da%20Hong%20Deng%20Long%20Gao%20Gao%20Gua%20(1991)
166,58,4.120689655172414,Manon of the Spring (Manon des sources) (1986),01-Jan-1986,http://us.imdb.com/M/title-exact?Manon%20des%20sources%20(1986)
632,58,3.896551724137931,Sophie's Choice (1982),01-Jan-1982,http://us.imdb.com/M/title-exact?Sophie's%20Choice%20(1982)
741,58,3.4482758620689653,"Last Supper, The (1995)",05-Apr-1996,"http://us.imdb.com/M/title-exact?Last%20Supper,%20The%20(1995)"
898,58,3.2241379310344827,"Postman, The (1997)",01-Jan-1997,http://us.imdb.com/M/title-exact?imdb-title-119925
716,58,3.1551724137931036,Home for the Holidays (1995),01-Jan-1995,http://us.imdb.com/M/title-exact?Home%20for%20the%20Holidays%20(1995)
85,58,3.0344827586206895,"Ref, The (1994)",01-Jan-1994,"http://us.imdb.com/M/title-exact?Ref,%20The%20(1994)"
722,58,2.9310344827586206,Nine Months (1995),01-Jan-1995,http://us.imdb.com/M/title-exact?Nine%20Months%20(1995)
512,57,4.0,Wings of Desire (1987),01-Jan-1987,"http://us.imdb.com/Title?Himmel+%FCber+Berlin,+Der+(1987)"
502,57,3.7017543859649122,Bananas (1971),01-Jan-1971,http://us.imdb.com/M/title-exact?Bananas%20(1971)
754,57,3.3859649122807016,Red Corner (1997),01-Jan-1997,http://us.imdb.com/M/title-exact?Red+Corner+(1997)
770,57,3.3859649122807016,Devil in a Blue Dress (1995),01-Jan-1995,http://us.imdb.com/M/title-exact?Devil%20in%20a%20Blue%20Dress%20(1995)
27,57,3.1052631578947367,Bad Boys (1995),01-Jan-1995,http://us.imdb.com/M/title-exact?Bad%20Boys%20(1995)
142,57,3.0701754385964914,Bedknobs and Broomsticks (1971),01-Jan-1971,http://us.imdb.com/M/title-exact?Bedknobs%20and%20Broomsticks%20(1971)
40,57,2.8947368421052633,"To Wong Foo, Thanks for Everything! Julie Newmar (1995)",01-Jan-1995,"http://us.imdb.com/M/title-exact?To%20Wong%20Foo,%20Thanks%20for%20Everything!%20Julie%20Newmar%20(1995)"
827,57,2.7719298245614037,Daylight (1996),06-Dec-1996,http://us.imdb.com/M/title-exact?Daylight%20(1996)
931,57,2.1578947368421053,"Island of Dr. Moreau, The (1996)",23-Aug-1996,"http://us.imdb.com/M/title-exact?Island%20of%20Dr.%20Moreau,%20The%20(1996)"
494,56,4.0,His Girl Friday (1940),01-Jan-1940,http://us.imdb.com/M/title-exact?His%20Girl%20Friday%20(1940)
813,56,3.892857142857143,"Celluloid Closet, The (1995)",15-Mar-1996,"http://us.imdb.com/M/title-exact?Celluloid%20Closet,%20The%20(1995)"
395,56,2.5892857142857144,Robin Hood: Men in Tights (1993),01-Jan-1993,http://us.imdb.com/M/title-exact?Robin%20Hood:%20Men%20in%20Tights%20(1993)
847,55,3.727272727272727,Looking for Richard (1996),11-Oct-1996,http://us.imdb.com/M/title-exact?Looking%20for%20Richard%20(1996)
344,55,3.6545454545454548,"Apostle, The (1997)",18-Dec-1997,http://us.imdb.com/M/title-exact?imdb-title-118632
369,55,2.6363636363636362,Black Sheep (1996),02-Feb-1996,http://us.imdb.com/M/title-exact?Black%20Sheep%20(1996)
413,55,2.6363636363636362,Tales from the Crypt Presents: Bordello of Blood (1996),19-Jul-1996,http://us.imdb.com/M/title-exact?Tales%20from%20the%20Crypt%20Presents:%20Bordello%20of%20Blood%20(1996)
675,54,3.5555555555555554,"Nosferatu (Nosferatu, eine Symphonie des Grauens) (1922)",01-Jan-1922,"http://us.imdb.com/M/title-exact?Nosferatu,%20eine%20Symphonie%20des%20Grauens%20(1922)"
721,54,3.4444444444444446,Mallrats (1995),01-Jan-1995,http://us.imdb.com/M/title-exact?Mallrats%20(1995)
76,54,3.4074074074074074,Carlito's Way (1993),01-Jan-1993,http://us.imdb.com/M/title-exact?Carlito's%20Way%20(1993)
535,54,3.1666666666666665,Addicted to Love (1997),23-May-1997,http://us.imdb.com/M/title-exact?Addicted%20to%20Love%20%281997%29
102,54,3.1296296296296298,"Aristocats, The (1970)",01-Jan-1970,"http://us.imdb.com/M/title-exact?Aristocats,%20The%20(1970)"
396,54,2.814814814814815,Serial Mom (1994),01-Jan-1994,http://us.imdb.com/M/title-exact?Serial%20Mom%20(1994)
1065,53,3.490566037735849,Koyaanisqatsi (1983),01-Jan-1983,http://us.imdb.com/M/title-exact?Koyaanisqatsi%20(1983)
886,53,3.0754716981132075,"Life Less Ordinary, A (1997)",01-Jan-1997,"http://us.imdb.com/M/title-exact?Life+Less+Ordinary,+A+(1997)"
702,53,3.018867924528302,Barcelona (1994),01-Jan-1994,http://us.imdb.com/M/title-exact?Barcelona%20(1994)
892,53,2.7547169811320753,Flubber (1997),01-Jan-1997,http://us.imdb.com/M/title-exact?imdb-title-119137
875,53,2.7358490566037736,She's So Lovely (1997),22-Aug-1997,http://us.imdb.com/M/title-exact?She%27s+So+Lovely+(1997)
849,53,2.7169811320754715,Days of Thunder (1990),01-Jan-1990,http://us.imdb.com/M/title-exact?Days%20of%20Thunder%20(1990)
840,53,2.660377358490566,Last Man Standing (1996),20-Sep-1996,http://us.imdb.com/M/title-exact?Last%20Man%20Standing%20(1996/I)
441,53,2.5660377358490565,"Amityville Horror, The (1979)",01-Jan-1979,"http://us.imdb.com/M/title-exact?Amityville%20Horror,%20The%20(1979)"
489,52,4.115384615384615,Notorious (1946),01-Jan-1946,http://us.imdb.com/M/title-exact?Notorious%20(1946)
466,52,3.5961538461538463,Red Rock West (1992),01-Jan-1992,http://us.imdb.com/M/title-exact?Red%20Rock%20West%20(1992)
768,52,3.076923076923077,Casper (1995),01-Jan-1995,http://us.imdb.com/M/title-exact?Casper%20(1995)
342,52,2.923076923076923,"Man Who Knew Too Little, The (1997)",01-Jan-1997,http://us.imdb.com/M/title-exact?Man+Who+Knew+Too+Little%2C+The+(1997)
877,52,2.5384615384615383,Excess Baggage (1997),01-Jan-1997,http://us.imdb.com/M/title-exact?Excess+Baggage+(1997)
614,51,3.7450980392156863,Giant (1956),01-Jan-1956,http://us.imdb.com/M/title-exact?Giant%20(1956)
749,51,3.176470588235294,"MatchMaker, The (1997)",01-Jan-1997,http://us.imdb.com/M/title-exact?Matchmaker%2C+The+(1997)
712,51,3.0784313725490198,Tin Men (1987),01-Jan-1987,http://us.imdb.com/M/title-exact?Tin%20Men%20(1987)
542,51,2.5294117647058822,Pocahontas (1995),01-Jan-1995,http://us.imdb.com/M/title-exact?Pocahontas%20(1995)
490,50,4.02,To Catch a Thief (1955),01-Jan-1955,http://us.imdb.com/M/title-exact?To%20Catch%20a%20Thief%20(1955)
297,50,3.96,Ulee's Gold (1997),01-Jan-1997,http://us.imdb.com/M/title-exact?Ulee%27s+Gold+(1997)
602,50,3.7,"American in Paris, An (1951)",01-Jan-1951,"http://us.imdb.com/M/title-exact?American%20in%20Paris,%20An%20(1951)"
686,50,3.68,"Perfect World, A (1993)",01-Jan-1993,"http://us.imdb.com/M/title-exact?Perfect%20World,%20A%20(1993)"
806,50,3.46,Menace II Society (1993),01-Jan-1993,http://us.imdb.com/M/title-exact?Menace%20II%20Society%20(1993)
649,50,3.4,Once Upon a Time in America (1984),01-Jan-1984,http://us.imdb.com/M/title-exact?Once%20Upon%20a%20Time%20in%20America%20(1984)
206,50,3.38,Akira (1988),01-Jan-1988,http://us.imdb.com/M/title-exact?Akira%20(1988)
1017,50,3.24,Trees Lounge (1996),11-Oct-1996,http://us.imdb.com/M/title-exact?Trees%20Lounge%20(1996)
570,50,3.1,Wyatt Earp (1994),01-Jan-1994,http://us.imdb.com/M/title-exact?Wyatt%20Earp%20(1994)
139,50,2.78,"Love Bug, The (1969)",01-Jan-1969,"http://us.imdb.com/M/title-exact?Love%20Bug,%20The%20(1969)"
955,49,3.4081632653061225,Before Sunrise (1995),01-Jan-1995,http://us.imdb.com/M/title-exact?Before%20Sunrise%20(1995)
833,49,3.204081632653061,Bulletproof (1996),06-Sep-1996,http://us.imdb.com/M/title-exact?Bulletproof%20(1996)
772,49,3.061224489795918,Kids (1995),01-Jan-1995,http://us.imdb.com/M/title-exact?Kids%20(1995)
541,49,2.877551020408163,Mortal Kombat (1995),01-Jan-1995,http://us.imdb.com/M/title-exact?Mortal%20Kombat%20(1995)
824,49,2.7551020408163267,"Great White Hype, The (1996)",03-May-1996,"http://us.imdb.com/M/title-exact?Great%20White%20Hype,%20The%20(1996)"
977,49,2.693877551020408,"Substitute, The (1996)",19-Apr-1996,"http://us.imdb.com/M/title-exact?Substitute,%20The%20(1996)"
406,49,2.4489795918367347,Thinner (1996),25-Oct-1996,http://us.imdb.com/M/title-exact?Thinner%20(1996)
683,49,2.4081632653061225,Rocket Man (1997),01-Jan-1997,http://us.imdb.com/M/title-exact?Rocket+Man+(1997)
467,48,3.7916666666666665,"Bronx Tale, A (1993)",01-Jan-1993,"http://us.imdb.com/M/title-exact?Bronx%20Tale,%20A%20(1993)"
365,48,3.2083333333333335,Powder (1995),01-Jan-1995,http://us.imdb.com/M/title-exact?Powder%20(1995)
562,48,3.2083333333333335,"Quick and the Dead, The (1995)",01-Jan-1995,"http://us.imdb.com/M/title-exact?Quick%20and%20the%20Dead,%20The%20(1995)"
244,48,3.1666666666666665,Smilla's Sense of Snow (1997),14-Mar-1997,http://us.imdb.com/M/title-exact?Smilla%27s%20Sense%20of%20Snow%20(1997)
674,48,2.8958333333333335,Cat People (1982),01-Jan-1982,http://us.imdb.com/M/title-exact?Cat%20People%20(1982)
841,48,2.75,"Glimmer Man, The (1996)",04-Oct-1996,"http://us.imdb.com/M/title-exact?Glimmer%20Man,%20The%20(1996)"
1228,48,2.4583333333333335,Under Siege 2: Dark Territory (1995),01-Jan-1995,http://us.imdb.com/M/title-exact?Under%20Siege%202:%20Dark%20Territory%20(1995)
456,48,2.3125,Beverly Hills Ninja (1997),17-Jan-1997,http://us.imdb.com/M/title-exact?Beverly%20Hills%20Ninja%20(1997)
948,48,2.1666666666666665,Booty Call (1997),28-Feb-1997,http://us.imdb.com/M/title-exact?Booty%20Call%20(1997)
1007,47,4.127659574468085,Waiting for Guffman (1996),31-Jan-1997,http://us.imdb.com/M/title-exact?Waiting%20for%20Guffman%20(1996)
789,47,3.574468085106383,Swimming with Sharks (1995),01-Jan-1995,http://us.imdb.com/M/title-exact?Swimming%20with%20Sharks%20(1995)
366,47,3.3404255319148937,Dangerous Minds (1995),01-Jan-1995,http://us.imdb.com/M/title-exact?Dangerous%20Minds%20(1995)
339,47,3.25531914893617,Mad City (1997),01-Jan-1997,http://us.imdb.com/M/title-exact?Mad+City+(1997)
1118,47,3.25531914893617,Up in Smoke (1978),01-Jan-1978,http://us.imdb.com/M/title-exact?Up%20in%20Smoke%20(1978)
363,47,2.723404255319149,Sudden Death (1995),01-Jan-1995,http://us.imdb.com/M/title-exact?Sudden%20Death%20(1995)
876,47,2.702127659574468,Money Talks (1997),22-Aug-1997,http://us.imdb.com/M/title-exact?Money+Talks+(1997)
251,46,4.260869565217392,Shall We Dance? (1996),11-Jul-1997,http://us.imdb.com/M/title-exact?Shall%20we%20DANSU%3F%20%281996%29
524,46,4.021739130434782,"Great Dictator, The (1940)",01-Jan-1940,"http://us.imdb.com/M/title-exact?Great%20Dictator,%20The%20(1940)"
921,46,3.9782608695652173,Farewell My Concubine (1993),01-Jan-1993,http://us.imdb.com/M/title-exact?Ba%20Wang%20Bie%20Ji%20(1993)
794,46,3.652173913043478,It Could Happen to You (1994),01-Jan-1994,http://us.imdb.com/M/title-exact?It%20Could%20Happen%20to%20You%20(1994)
671,46,3.608695652173913,Bride of Frankenstein (1935),01-Jan-1935,http://us.imdb.com/M/title-exact?Bride%20of%20Frankenstein%20(1935)
956,46,3.608695652173913,Nobody's Fool (1994),01-Jan-1994,http://us.imdb.com/M/title-exact?Nobody's%20Fool%20(1994)
664,46,3.5434782608695654,"Paris, Texas (1984)",01-Jan-1984,"http://us.imdb.com/M/title-exact?Paris,%20Texas%20(1984)"
1046,46,3.1739130434782608,Malice (1993),01-Jan-1993,http://us.imdb.com/M/title-exact?Malice%20(1993)
941,46,3.0652173913043477,With Honors (1994),01-Jan-1994,http://us.imdb.com/M/title-exact?With%20Honors%20(1994)
1135,46,2.9782608695652173,"Doors, The (1991)",01-Jan-1991,"http://us.imdb.com/M/title-exact?Doors,%20The%20(1991)"
444,46,2.717391304347826,"Blob, The (1958)",01-Jan-1958,"http://us.imdb.com/M/title-exact?Blob,%20The%20(1958)"
760,46,2.652173913043478,Screamers (1995),01-Jan-1995,http://us.imdb.com/M/title-exact?Screamers%20(1995)
236,45,3.6222222222222222,Citizen Ruth (1996),13-Dec-1996,http://us.imdb.com/M/title-exact?Citizen%20Ruth%20(1996)
1197,45,3.5555555555555554,"Family Thing, A (1996)",23-Mar-1996,"http://us.imdb.com/M/title-exact?Family%20Thing,%20A%20(1996)"
942,45,3.488888888888889,What's Love Got to Do with It (1993),01-Jan-1993,http://us.imdb.com/M/title-exact?What's%20Love%20Got%20to%20Do%20with%20It%20(1993)
329,45,3.3333333333333335,Desperate Measures (1998),30-Jan-1998,http://us.imdb.com/Title?Desperate+Measures+(1998)
952,45,3.1777777777777776,Blue in the Face (1995),01-Jan-1995,http://us.imdb.com/M/title-exact?Blue%20in%20the%20Face%20(1995)
728,45,3.022222222222222,Junior (1994),01-Jan-1994,http://us.imdb.com/M/title-exact?Junior%20(1994)
881,45,2.933333333333333,Money Talks (1997),22-Aug-1997,http://us.imdb.com/M/title-exact?Money+Talks+(1997)
810,45,2.888888888888889,"Shadow, The (1994)",01-Jan-1994,"http://us.imdb.com/M/title-exact?Shadow,%20The%20(1994)"
552,45,2.8666666666666667,Species (1995),01-Jan-1995,http://us.imdb.com/M/title-exact?Species%20(1995)
1079,45,2.2444444444444445,Joe's Apartment (1996),26-Jul-1996,http://us.imdb.com/M/title-exact?Joe's%20Apartment%20(1996)
694,44,4.045454545454546,Persuasion (1995),25-Sep-1995,http://us.imdb.com/Title?Persuasion+(1995/I)
1142,44,4.045454545454546,When We Were Kings (1996),14-Feb-1997,http://us.imdb.com/M/title-exact?When%20We%20Were%20Kings%20(1996)
656,44,4.0,M (1931),01-Jan-1931,http://us.imdb.com/M/title-exact?M%20(1931)
638,44,3.772727272727273,"Return of Martin Guerre, The (Retour de Martin Guerre, Le) (1982)",01-Jan-1982,"http://us.imdb.com/M/title-exact?Retour%20de%20Martin%20Guerre,%20Le%20(1982)"
896,44,3.772727272727273,"Sweet Hereafter, The (1997)",01-Jan-1997,http://us.imdb.com/M/title-exact?Sweet+Hereafter%2C+The+(1997)
224,44,3.7045454545454546,Ridicule (1996),27-Nov-1996,http://us.imdb.com/M/title-exact?Ridicule%20(1996)
1067,44,3.4545454545454546,Bottle Rocket (1996),21-Feb-1996,http://us.imdb.com/M/title-exact?Bottle%20Rocket%20(1996)
1010,44,3.25,Basquiat (1996),16-Aug-1996,http://us.imdb.com/M/title-exact?Basquiat%20(1996)
975,44,3.159090909090909,Fear (1996),12-Apr-1996,http://us.imdb.com/M/title-exact?Fear%20(1996)
846,44,3.0681818181818183,To Gillian on Her 37th Birthday (1996),18-Oct-1996,http://us.imdb.com/M/title-exact?To%20Gillian%20on%20Her%2037th%20Birthday%20(1996)
761,44,3.0454545454545454,Nick of Time (1995),01-Jan-1995,http://us.imdb.com/M/title-exact?Nick%20of%20Time%20(1995)
1025,44,2.9318181818181817,Fire Down Below (1997),01-Jan-1997,http://us.imdb.com/M/title-exact?Fire+Down+Below+(1997)
984,44,2.8636363636363638,Shadow Conspiracy (1997),31-Jan-1997,http://us.imdb.com/M/title-exact?Shadow%20Conspiracy%20(1997)
1188,44,2.772727272727273,Young Guns II (1990),01-Jan-1990,http://us.imdb.com/M/title-exact?Young%20Guns%20II%20(1990)
575,44,2.5454545454545454,City Slickers II: The Legend of Curly's Gold (1994),01-Jan-1994,http://us.imdb.com/M/title-exact?City%20Slickers%20II:%20The%20Legend%20of%20Curly's%20Gold%20(1994)
539,44,2.477272727272727,Mouse Hunt (1997),01-Jan-1997,http://us.imdb.com/M/title-exact?imdb-title-119715
688,44,1.8409090909090908,Leave It to Beaver (1997),22-Aug-1997,http://us.imdb.com/M/title-exact?Leave+It+To+Beaver+(1997)
589,43,4.023255813953488,"Wild Bunch, The (1969)",01-Jan-1969,"http://us.imdb.com/M/title-exact?Wild%20Bunch,%20The%20(1969)"
1050,43,3.6511627906976742,"Ghost and Mrs. Muir, The (1947)",01-Jan-1947,"http://us.imdb.com/M/title-exact?Ghost%20and%20Mrs.%20Muir,%20The%20(1947)"
620,43,3.0930232558139537,"Chamber, The (1996)",11-Oct-1996,"http://us.imdb.com/M/title-exact?Chamber,%20The%20(1996)"
944,43,3.0,Renaissance Man (1994),01-Jan-1994,http://us.imdb.com/M/title-exact?Renaissance%20Man%20(1994)
379,43,2.9767441860465116,Tales From the Crypt Presents: Demon Knight (1995),01-Jan-1995,http://us.imdb.com/M/title-exact?Tales%20From%20the%20Crypt%20Presents:%20Demon%20Knight%20(1995)
809,43,2.9069767441860463,Rising Sun (1993),01-Jan-1993,http://us.imdb.com/M/title-exact?Rising%20Sun%20(1993)
1091,43,2.7209302325581395,Pete's Dragon (1977),01-Jan-1977,http://us.imdb.com/M/title-exact?Pete's%20Dragon%20(1977)
336,43,2.627906976744186,Playing God (1997),01-Jan-1997,http://us.imdb.com/M/title-exact?Playing+God+(1997)
261,43,2.558139534883721,Air Bud (1997),01-Aug-1997,http://us.imdb.com/M/title-exact?Air+Bud+(1997)
407,43,2.511627906976744,Spy Hard (1996),24-May-1996,http://us.imdb.com/M/title-exact?Spy%20Hard%20(1996)
540,43,2.511627906976744,Money Train (1995),01-Jan-1995,http://us.imdb.com/M/title-exact?Money%20Train%20(1995)
890,43,1.9534883720930232,Mortal Kombat: Annihilation (1997),01-Jan-1997,http://us.imdb.com/M/title-exact?Mortal+Kombat%3A+Annihilation+(1997)
902,42,3.8333333333333335,"Big Lebowski, The (1998)",26-Dec-1997,http://us.imdb.com/M/title-exact?imdb-title-118715
900,42,3.6904761904761907,Kundun (1997),25-Dec-1997,http://us.imdb.com/M/title-exact?imdb-title-119485
1098,42,3.6904761904761907,Flirting With Disaster (1996),22-Mar-1996,http://us.imdb.com/M/title-exact?Flirting%20With%20Disaster%20(1996)
107,42,3.5,Moll Flanders (1996),14-Jun-1996,http://us.imdb.com/M/title-exact?Moll%20Flanders%20(1996)
844,42,3.357142857142857,Freeway (1996),23-Aug-1996,http://us.imdb.com/M/title-exact?Freeway%20(1996)
872,42,3.0952380952380953,Love Jones (1997),14-Mar-1997,http://us.imdb.com/M/title-exact?Love%20Jones%20(1997)
769,42,2.4523809523809526,Congo (1995),01-Jan-1995,http://us.imdb.com/M/title-exact?Congo%20(1995)
963,41,4.2926829268292686,Some Folks Call It a Sling Blade (1993),01-Jan-1993,http://us.imdb.com/M/title-exact?Some%20Folks%20Call%20It%20a%20Sling%20Blade%20(1993)
610,41,3.658536585365854,Gigi (1958),01-Jan-1958,http://us.imdb.com/M/title-exact?Gigi%20(1958)
1063,41,3.658536585365854,"Little Princess, A (1995)",01-Jan-1995,"http://us.imdb.com/M/title-exact?Little%20Princess,%20A%20(1995)"
547,41,3.341463414634146,"Young Poisoner's Handbook, The (1995)",23-Feb-1996,"http://us.imdb.com/M/title-exact?Young%20Poisoner's%20Handbook,%20The%20(1995)"
1051,41,3.2439024390243905,"Associate, The (1996)",19-Oct-1996,"http://us.imdb.com/M/title-exact?Associate,%20The%20(1996)"
350,41,3.1463414634146343,Fallen (1998),16-Jan-1998,http://us.imdb.com/Title?Fallen+(1998)
330,41,3.024390243902439,187 (1997),01-Jan-1997,http://us.imdb.com/M/title-exact?187+(1997)
355,41,2.926829268292683,Sphere (1998),13-Feb-1998,http://us.imdb.com/M/title-exact?Sphere+(1998)
1110,41,2.8536585365853657,Tank Girl (1995),01-Jan-1995,http://us.imdb.com/M/title-exact?Tank%20Girl%20(1995)
771,41,2.6341463414634148,Johnny Mnemonic (1995),01-Jan-1995,http://us.imdb.com/M/title-exact?Johnny%20Mnemonic%20(1995)
577,41,2.2195121951219514,Coneheads (1993),01-Jan-1993,http://us.imdb.com/M/title-exact?Coneheads%20(1993)
611,40,4.1,Laura (1944),01-Jan-1944,http://us.imdb.com/M/title-exact?Laura%20(1944)
57,40,4.0,Priest (1994),01-Jan-1994,http://us.imdb.com/M/title-exact?Priest%20(1994)
945,40,3.925,Charade (1963),01-Jan-1963,http://us.imdb.com/M/title-exact?Charade%20(1963)
639,40,3.7,"Tin Drum, The (Blechtrommel, Die) (1979)",01-Jan-1979,"http://us.imdb.com/M/title-exact?Blechtrommel,%20Die%20(1979)"
943,40,3.475,Killing Zoe (1994),01-Jan-1994,http://us.imdb.com/M/title-exact?Killing%20Zoe%20(1994)
697,40,3.425,"Basketball Diaries, The (1995)",01-Jan-1995,"http://us.imdb.com/M/title-exact?Basketball%20Diaries,%20The%20(1995)"
1044,40,3.225,"Paper, The (1994)",01-Jan-1994,"http://us.imdb.com/M/title-exact?Paper,%20The%20(1994)"
43,40,3.0,Disclosure (1994),01-Jan-1994,http://us.imdb.com/M/title-exact?Disclosure%20(1994)
932,40,2.925,First Kid (1996),30-Aug-1996,http://us.imdb.com/M/title-exact?First%20Kid%20(1996)
802,40,2.7,Hard Target (1993),01-Jan-1993,http://us.imdb.com/M/title-exact?Hard%20Target%20(1993)
819,40,2.7,Eddie (1996),31-May-1996,http://us.imdb.com/M/title-exact?Eddie%20(1996)
929,40,2.7,Harriet the Spy (1996),03-Jul-1996,http://us.imdb.com/M/title-exact?Harriet%20the%20Spy%20(1996)
503,39,3.641025641025641,"Candidate, The (1972)",01-Jan-1972,"http://us.imdb.com/M/title-exact?Candidate,%20The%20(1972)"
1221,39,3.4871794871794872,When a Man Loves a Woman (1994),01-Jan-1994,http://us.imdb.com/M/title-exact?When%20a%20Man%20Loves%20a%20Woman%20(1994)
622,39,3.358974358974359,Swiss Family Robinson (1960),01-Jan-1960,http://us.imdb.com/M/title-exact?Swiss%20Family%20Robinson%20(1960)
752,39,3.3076923076923075,"Replacement Killers, The (1998)",06-Feb-1998,http://us.imdb.com/M/title-exact?Replacement+Killers%2C+The+(1998)
874,39,3.2564102564102564,Career Girls (1997),08-Aug-1997,http://us.imdb.com/M/title-exact?Career+Girls+(1997)
16,39,3.2051282051282053,French Twist (Gazon maudit) (1995),01-Jan-1995,http://us.imdb.com/M/title-exact?Gazon%20maudit%20(1995)
731,39,3.1538461538461537,"Corrina, Corrina (1994)",01-Jan-1994,"http://us.imdb.com/M/title-exact?Corrina,%20Corrina%20(1994)"
785,39,3.1538461538461537,Only You (1994),01-Jan-1994,http://us.imdb.com/M/title-exact?Only%20You%20(1994)
1060,39,3.051282051282051,"Adventures of Pinocchio, The (1996)",26-Jul-1996,"http://us.imdb.com/M/title-exact?Adventures%20of%20Pinocchio,%20The%20(1996)"
623,39,2.923076923076923,Angels in the Outfield (1994),01-Jan-1994,http://us.imdb.com/M/title-exact?Angels%20in%20the%20Outfield%20(1994)
373,39,2.8974358974358974,Judge Dredd (1995),01-Jan-1995,http://us.imdb.com/M/title-exact?Judge%20Dredd%20(1995)
1217,39,2.871794871794872,Assassins (1995),01-Jan-1995,http://us.imdb.com/Title?Assassins+(1995)
370,39,2.8205128205128207,Mary Reilly (1996),23-Feb-1996,http://us.imdb.com/M/title-exact?Mary%20Reilly%20(1996)
951,39,2.8205128205128207,"Indian in the Cupboard, The (1995)",01-Jan-1995,"http://us.imdb.com/M/title-exact?Indian%20in%20the%20Cupboard,%20The%20(1995)"
585,39,2.4871794871794872,Son in Law (1993),01-Jan-1993,http://us.imdb.com/M/title-exact?Son%20in%20Law%20(1993)
743,39,1.9487179487179487,"Crow: City of Angels, The (1996)",30-Aug-1996,http://us.imdb.com/M/title-exact?Crow%3A%20City%20of%20Angels%2C%20The%20%281996%29
646,38,3.8684210526315788,Once Upon a Time in the West (1969),01-Jan-1969,http://us.imdb.com/M/title-exact?C'era%20una%20volta%20il%20west%20(1969)
1021,38,3.8157894736842106,8 1/2 (1963),01-Jan-1963,http://us.imdb.com/M/title-exact?8%201/2%20(1963)
1134,38,3.3157894736842106,Get on the Bus (1996),16-Oct-1996,http://us.imdb.com/M/title-exact?Get%20on%20the%20Bus%20(1996)
637,38,3.026315789473684,"Howling, The (1981)",01-Jan-1981,"http://us.imdb.com/M/title-exact?Howling,%20The%20(1981)"
1210,38,2.736842105263158,Virtuosity (1995),01-Jan-1995,http://us.imdb.com/M/title-exact?Virtuosity%20(1995)
1013,38,2.289473684210526,Anaconda (1997),11-Apr-1997,http://us.imdb.com/M/title-exact?Anaconda%20%281997%29
1089,38,2.1315789473684212,Speed 2: Cruise Control (1997),13-Jun-1997,http://us.imdb.com/M/title-exact?Speed%202%3A%20Cruise%20Control%20%281997%29
30,37,3.945945945945946,Belle de jour (1967),01-Jan-1967,http://us.imdb.com/M/title-exact?Belle%20de%20jour%20(1967)
937,37,3.4054054054054053,"Thousand Acres, A (1997)",01-Jan-1997,http://us.imdb.com/M/title-exact?Thousand+Acres%2C+A+(1997)
1008,37,3.3783783783783785,I Shot Andy Warhol (1996),01-May-1996,http://us.imdb.com/M/title-exact?I%20Shot%20Andy%20Warhol%20(1996)
41,37,3.081081081081081,Billy Madison (1995),01-Jan-1995,http://us.imdb.com/M/title-exact?Billy%20Madison%20(1995)
583,37,3.0,Romeo Is Bleeding (1993),01-Jan-1993,http://us.imdb.com/M/title-exact?Romeo%20Is%20Bleeding%20(1993)
783,37,2.72972972972973,Milk Money (1994),01-Jan-1994,http://us.imdb.com/M/title-exact?Milk%20Money%20(1994)
364,37,2.675675675675676,Ace Ventura: When Nature Calls (1995),01-Jan-1995,http://us.imdb.com/M/title-exact?Ace%20Ventura:%20When%20Nature%20Calls%20(1995)
1090,37,2.4054054054054053,Sliver (1993),01-Jan-1993,http://us.imdb.com/M/title-exact?Sliver%20(1993)
856,36,3.8333333333333335,Night on Earth (1991),01-Jan-1991,http://us.imdb.com/M/title-exact?Night%20on%20Earth%20(1991)
796,36,3.0833333333333335,Speechless (1994),01-Jan-1994,http://us.imdb.com/M/title-exact?Speechless%20(1994)
670,36,3.0,Body Snatchers (1993),01-Jan-1993,http://us.imdb.com/M/title-exact?Body%20Snatchers%20(1993)
1244,36,2.9166666666666665,Metro (1997),17-Jan-1997,http://us.imdb.com/M/title-exact?Metro%20(1997)
1020,35,3.8857142857142857,Gaslight (1944),01-Jan-1944,http://us.imdb.com/M/title-exact?Gaslight%20(1944)
522,35,3.7714285714285714,Down by Law (1986),01-Jan-1986,http://us.imdb.com/M/title-exact?Down%20by%20Law%20(1986)
644,35,3.7714285714285714,"Thin Blue Line, The (1988)",01-Jan-1988,"http://us.imdb.com/M/title-exact?Thin%20Blue%20Line,%20The%20(1988)"
979,35,3.2,"Trigger Effect, The (1996)",30-Aug-1996,"http://us.imdb.com/M/title-exact?Trigger%20Effect,%20The%20(1996)"
567,35,2.8,Wes Craven's New Nightmare (1994),01-Jan-1994,http://us.imdb.com/M/title-exact?Wes%20Craven's%20New%20Nightmare%20(1994)
1059,35,2.7714285714285714,Don't Be a Menace to South Central While Drinking Your Juice in the Hood (1996),01-Jan-1996,http://us.imdb.com/M/title-exact?Don't%20Be%20a%20Menace%20(1996)
266,35,2.7142857142857144,Kull the Conqueror (1997),29-Aug-1997,http://us.imdb.com/M/title-exact?Kull+the+Conqueror+(1997)
612,34,3.9411764705882355,Lost Horizon (1937),01-Jan-1937,http://us.imdb.com/M/title-exact?Lost%20Horizon%20(1937)
653,34,3.911764705882353,Touch of Evil (1958),01-Jan-1958,http://us.imdb.com/M/title-exact?Touch%20of%20Evil%20(1958)
922,34,3.823529411764706,Dead Man (1995),10-May-1996,http://us.imdb.com/M/title-exact?Dead%20Man%20(1995)
971,34,3.676470588235294,Mediterraneo (1991),01-Jan-1991,http://us.imdb.com/M/title-exact?Mediterraneo%20(1991)
961,34,3.6176470588235294,Orlando (1993),01-Jan-1993,http://us.imdb.com/M/title-exact?Orlando%20(1993)
372,34,3.5294117647058822,Jeffrey (1995),01-Jan-1995,http://us.imdb.com/M/title-exact?Jeffrey%20(1995)
925,34,3.323529411764706,Unforgettable (1996),23-Feb-1996,http://us.imdb.com/Title?Unforgettable+(1996)
882,34,3.2941176470588234,Washington Square (1997),01-Jan-1997,http://us.imdb.com/M/title-exact?Washington+Square+(1997)
723,34,3.1470588235294117,Boys on the Side (1995),01-Jan-1995,http://us.imdb.com/M/title-exact?Boys%20on%20the%20Side%20(1995)
586,34,2.676470588235294,Terminal Velocity (1994),01-Jan-1994,http://us.imdb.com/M/title-exact?Terminal%20Velocity%20(1994)
829,34,2.6470588235294117,Fled (1996),19-Jul-1996,http://us.imdb.com/M/title-exact?Fled%20(1996)
680,34,2.5588235294117645,Kull the Conqueror (1997),29-Aug-1997,http://us.imdb.com/M/title-exact?Kull+the+Conqueror+(1997)
641,33,4.212121212121212,Paths of Glory (1957),01-Jan-1957,http://us.imdb.com/M/title-exact?Paths%20of%20Glory%20(1957)
990,33,3.090909090909091,Anna Karenina (1997),04-Apr-1997,http://us.imdb.com/M/title-exact?Anna%20Karenina%20%281997%29
1267,33,3.0,Clockers (1995),01-Jan-1995,http://us.imdb.com/M/title-exact?Clockers%20(1995)
573,33,2.9393939393939394,Body Snatchers (1993),01-Jan-1993,http://us.imdb.com/M/title-exact?Body%20Snatchers%20(1993)
1139,33,2.606060606060606,Hackers (1995),01-Jan-1995,http://us.imdb.com/M/title-exact?Hackers%20(1995)
878,33,2.515151515151515,That Darn Cat! (1997),14-Feb-1997,http://us.imdb.com/M/title-exact?That%20Darn%20Cat%20(1997)
78,33,2.4545454545454546,Free Willy (1993),01-Jan-1993,http://us.imdb.com/M/title-exact?Free%20Willy%20(1993)
936,32,3.9375,Brassed Off (1996),13-Jun-1997,http://us.imdb.com/M/title-exact?Brassed%20Off%20%281996%29
1022,32,3.4375,"Fast, Cheap & Out of Control (1997)",01-Jan-1997,"http://us.imdb.com/M/title-exact?Fast,+Cheap+&+Out+of+Control+(1997)"
580,32,3.375,"Englishman Who Went Up a Hill, But Came Down a Mountain, The (1995)",01-Jan-1995,"http://us.imdb.com/M/title-exact?Englishman%20Who%20Went%20Up%20a%20Hill,%20But%20Came%20Down%20a%20Mountain,%20The%20(1995)"
1226,32,3.375,Night Falls on Manhattan (1997),16-May-1997,http://us.imdb.com/M/title-exact?Night%20Falls%20on%20Manhattan%20(1997)
1126,32,3.34375,"Old Man and the Sea, The (1958)",01-Jan-1958,"http://us.imdb.com/M/title-exact?Old%20Man%20and%20the%20Sea,%20The%20(1958)"
1018,32,3.1875,Tie Me Up! Tie Me Down! (1990),01-Jan-1990,http://us.imdb.com/Title?%A1%C1tame%21+(1990)
974,32,3.03125,Eye for an Eye (1996),01-Jan-1996,http://us.imdb.com/Title?Eye+for+an+Eye+(1996)
774,32,2.9375,"Prophecy, The (1995)",01-Jan-1995,"http://us.imdb.com/M/title-exact?Prophecy,%20The%20(1995)"
426,32,2.84375,"Transformers: The Movie, The (1986)",01-Jan-1986,"http://us.imdb.com/M/title-exact?Transformers:%20The%20Movie,%20The%20(1986)"
989,32,2.84375,Cats Don't Dance (1997),26-Mar-1997,http://us.imdb.com/M/title-exact?Cats%20Don%27t%20Dance%20(1997)
765,32,2.8125,Boomerang (1992),01-Jan-1992,http://us.imdb.com/M/title-exact?Boomerang%20(1992)
1033,32,2.78125,Homeward Bound II: Lost in San Francisco (1996),08-Mar-1996,http://us.imdb.com/M/title-exact?Homeward%20Bound%20II:%20Lost%20in%20San%20Francisco%20(1996)
1132,32,2.625,Feeling Minnesota (1996),13-Sep-1996,http://us.imdb.com/M/title-exact?Feeling%20Minnesota%20(1996)
940,32,2.34375,Airheads (1994),01-Jan-1994,http://us.imdb.com/M/title-exact?Airheads%20(1994)
1194,31,4.064516129032258,Once Were Warriors (1994),01-Jan-1994,http://us.imdb.com/M/title-exact?Once%20Were%20Warriors%20(1994)
1019,31,3.967741935483871,"Die xue shuang xiong (Killer, The) (1989)",01-Jan-1989,http://us.imdb.com/M/title-exact?Die%20xue%20shuang%20xiong%20(1989)
500,31,3.903225806451613,Fly Away Home (1996),13-Sep-1996,http://us.imdb.com/M/title-exact?Fly%20Away%20Home%20(1996)
605,31,3.3548387096774195,Meet Me in St. Louis (1944),01-Jan-1944,http://us.imdb.com/M/title-exact?Meet%20Me%20in%20St.%20Louis%20(1944)
630,31,3.2903225806451615,"Great Race, The (1965)",01-Jan-1965,"http://us.imdb.com/M/title-exact?Great%20Race,%20The%20(1965)"
995,31,3.161290322580645,"Kiss Me, Guido (1997)",01-Jan-1997,http://us.imdb.com/M/title-exact?Kiss+Me%2C+Guido+(1997)
797,31,3.096774193548387,Timecop (1994),01-Jan-1994,http://us.imdb.com/M/title-exact?Timecop%20(1994)
349,31,2.903225806451613,Hard Rain (1998),16-Jan-1998,http://us.imdb.com/M/title-exact?imdb-title-120696
738,31,2.838709677419355,Threesome (1994),01-Jan-1994,http://us.imdb.com/M/title-exact?Threesome%20(1994)
808,31,2.838709677419355,"Program, The (1993)",01-Jan-1993,"http://us.imdb.com/M/title-exact?Program,%20The%20(1993)"
1023,31,2.5806451612903225,Fathers' Day (1997),09-May-1997,http://us.imdb.com/M/title-exact?Fathers%27%20Day%20%281997%29
779,31,2.5483870967741935,Drop Zone (1994),01-Jan-1994,http://us.imdb.com/M/title-exact?Drop%20Zone%20(1994)
110,31,2.5161290322580645,Operation Dumbo Drop (1995),01-Jan-1995,http://us.imdb.com/M/title-exact?Operation%20Dumbo%20Drop%20(1995)
383,31,2.064516129032258,"Flintstones, The (1994)",01-Jan-1994,"http://us.imdb.com/M/title-exact?Flintstones,%20The%20(1994)"
368,31,1.903225806451613,Bio-Dome (1996),01-Jan-1996,http://us.imdb.com/M/title-exact?Bio-Dome%20(1996)
608,30,3.933333333333333,Spellbound (1945),01-Jan-1945,http://us.imdb.com/M/title-exact?Spellbound%20(1945)
537,30,3.6333333333333333,My Own Private Idaho (1991),01-Jan-1991,http://us.imdb.com/M/title-exact?My+Own+Private+Idaho+(1991)
1220,30,3.3333333333333335,Higher Learning (1995),01-Jan-1995,http://us.imdb.com/M/title-exact?Higher%20Learning%20(1995)
843,30,3.0,"Shaggy Dog, The (1959)",01-Jan-1959,"http://us.imdb.com/M/title-exact?Shaggy%20Dog,%20The%20(1959)"
308,30,2.966666666666667,FairyTale: A True Story (1997),01-Jan-1997,http://us.imdb.com/M/title-exact?Fairytale:+A+True+Story+(1997)
1133,30,2.966666666666667,Escape to Witch Mountain (1975),01-Jan-1975,http://us.imdb.com/M/title-exact?Escape%20to%20Witch%20Mountain%20(1975)
950,30,2.9,Georgia (1995),01-Jan-1995,http://us.imdb.com/M/title-exact?Georgia%20(1995)
1215,30,1.9333333333333333,Barb Wire (1996),03-May-1996,http://us.imdb.com/M/title-exact?Barb%20Wire%20(1996)
1137,29,3.9655172413793105,Beautiful Thing (1996),09-Oct-1996,http://us.imdb.com/M/title-exact?Beautiful%20Thing%20(1996)
1136,29,3.4827586206896552,Ghosts of Mississippi (1996),20-Dec-1996,http://us.imdb.com/M/title-exact?Ghosts%20of%20Mississippi%20(1996)
1115,29,3.413793103448276,Twelfth Night (1996),25-Oct-1996,http://us.imdb.com/M/title-exact?Twelfth%20Night:%20Or%20What%20You%20Will%20(1996)
1061,29,2.9310344827586206,"Evening Star, The (1996)",25-Dec-1996,"http://us.imdb.com/M/title-exact?Evening%20Star,%20The%20(1996)"
572,29,2.7586206896551726,Blown Away (1994),01-Jan-1994,http://us.imdb.com/M/title-exact?Blown%20Away%20(1994)
764,29,2.7586206896551726,If Lucy Fell (1996),08-Mar-1996,http://us.imdb.com/M/title-exact?If%20Lucy%20Fell%20(1996)
1095,29,2.6206896551724137,High School High (1996),25-Oct-1996,http://us.imdb.com/M/title-exact?High%20School%20High%20(1996)
563,29,2.413793103448276,Stephen King's The Langoliers (1995),01-Jan-1995,"http://us.imdb.com/M/title-exact?%22Langoliers,%20The%22%20(1995)%20(mini)"
719,29,2.413793103448276,Canadian Bacon (1994),01-Jan-1994,http://us.imdb.com/M/title-exact?Canadian%20Bacon%20(1994)
1129,28,3.5714285714285716,Chungking Express (1994),16-Feb-1996,http://us.imdb.com/M/title-exact?Chongqing%20Senlin%20(1994)
1109,28,3.4285714285714284,Death and the Maiden (1994),01-Jan-1994,http://us.imdb.com/M/title-exact?Death%20and%20the%20Maiden%20(1994)
1152,28,3.4285714285714284,In Love and War (1996),24-Jan-1997,http://us.imdb.com/M/title-exact?In%20Love%20and%20War%20(1996)
279,28,3.2857142857142856,Once Upon a Time... When We Were Colored (1995),01-Jan-1995,http://us.imdb.com/M/title-exact?Once%20Upon%20a%20Time... When%20We%20Were%20Colored%20(1995)
972,28,3.1785714285714284,Passion Fish (1992),01-Jan-1992,http://us.imdb.com/M/title-exact?Passion%20Fish%20(1992)
1042,28,3.142857142857143,Just Cause (1995),01-Jan-1995,http://us.imdb.com/M/title-exact?Just%20Cause%20(1995)
460,28,3.0,"Crossing Guard, The (1995)",01-Jan-1995,"http://us.imdb.com/M/title-exact?Crossing%20Guard,%20The%20(1995)"
309,28,2.857142857142857,Deceiver (1997),01-Jan-1997,http://us.imdb.com/M/title-exact?Liar+(1997)
362,28,2.8214285714285716,Blues Brothers 2000 (1998),06-Feb-1998,http://us.imdb.com/M/title-exact?Blues+Brothers+2000+(1998)
1411,28,2.5714285714285716,Barbarella (1968),01-Jan-1968,http://us.imdb.com/M/title-exact?Barbarella%20(1968)
571,28,2.5,Another Stakeout (1993),01-Jan-1993,http://us.imdb.com/M/title-exact?Another%20Stakeout%20(1993)
388,28,2.392857142857143,Beverly Hills Cop III (1994),01-Jan-1994,http://us.imdb.com/M/title-exact?Beverly%20Hills%20Cop%20III%20(1994)
613,27,4.037037037037037,My Man Godfrey (1936),01-Jan-1936,http://us.imdb.com/M/title-exact?My%20Man%20Godfrey%20(1936)
645,27,3.814814814814815,Paris Is Burning (1990),01-Jan-1990,http://us.imdb.com/M/title-exact?Paris%20Is%20Burning%20(1990)
1070,27,3.740740740740741,Living in Oblivion (1995),01-Jan-1995,http://us.imdb.com/M/title-exact?Living%20in%20Oblivion%20(1995)
805,27,3.6296296296296298,Manhattan Murder Mystery (1993),01-Jan-1993,http://us.imdb.com/M/title-exact?Manhattan%20Murder%20Mystery%20(1993)
464,27,3.5925925925925926,Vanya on 42nd Street (1994),01-Jan-1994,http://us.imdb.com/M/title-exact?Vanya%20on%2042nd%20Street%20(1994)
46,27,3.5555555555555554,Exotica (1994),01-Jan-1994,http://us.imdb.com/M/title-exact?Exotica%20(1994)
389,27,3.4444444444444446,Black Beauty (1994),01-Jan-1994,http://us.imdb.com/Title?Black+Beauty+(1994/I)
348,27,3.2962962962962963,Desperate Measures (1998),30-Jan-1998,http://us.imdb.com/Title?Desperate+Measures+(1998)
905,27,3.2222222222222223,Great Expectations (1998),01-Jan-1998,http://us.imdb.com/M/title-exact?imdb-title-119223
842,27,3.1481481481481484,Pollyanna (1960),01-Jan-1960,http://us.imdb.com/M/title-exact?Pollyanna%20(1960)
1170,27,3.074074074074074,Spanking the Monkey (1994),01-Jan-1994,http://us.imdb.com/M/title-exact?Spanking%20the%20Monkey%20(1994)
734,27,2.5185185185185186,Made in America (1993),01-Jan-1993,http://us.imdb.com/M/title-exact?Made%20in%20America%20(1993)
978,27,2.5185185185185186,Heaven's Prisoners (1996),10-May-1996,http://us.imdb.com/M/title-exact?Heaven's%20Prisoners%20(1996)
1034,27,2.5185185185185186,"Quest, The (1996)",26-Apr-1996,"http://us.imdb.com/M/title-exact?Quest,%20The%20(1996/I)"
681,27,2.4444444444444446,Wishmaster (1997),01-Jan-1997,http://us.imdb.com/M/title-exact?Wishmaster+(1997)
564,27,2.037037037037037,Tales from the Hood (1995),01-Jan-1995,http://us.imdb.com/M/title-exact?Tales%20from%20the%20Hood%20(1995)
457,27,1.7407407407407407,Free Willy 3: The Rescue (1997),08-Aug-1997,http://us.imdb.com/M/title-exact?Free+Willy+3%3A+The+Rescue+(1997)
966,26,4.1923076923076925,"Affair to Remember, An (1957)",01-Jan-1957,"http://us.imdb.com/M/title-exact?Affair%20to%20Remember,%20An%20(1957)"
1149,26,3.8461538461538463,Walkabout (1971),20-Dec-1971,http://us.imdb.com/M/title-exact?Walkabout%20(1971)
836,26,3.769230769230769,Ninotchka (1939),01-Jan-1939,http://us.imdb.com/M/title-exact?Ninotchka%20(1939)
253,26,3.6923076923076925,"Pillow Book, The (1995)",13-Jun-1997,http://us.imdb.com/M/title-exact?Pillow%20Book%2C%20The%20%281995%29
1240,26,3.6538461538461537,Ghost in the Shell (Kokaku kidotai) (1995),12-Apr-1996,http://us.imdb.com/M/title-exact?Kokaku%20Kidotai%20(1995)
1160,26,3.6153846153846154,Love! Valour! Compassion! (1997),16-May-1997,http://us.imdb.com/Title?Love%21+Valour%21+Compassion%21+(1997)
6,26,3.576923076923077,Shanghai Triad (Yao a yao yao dao waipo qiao) (1995),01-Jan-1995,http://us.imdb.com/Title?Yao+a+yao+yao+dao+waipo+qiao+(1995)
1218,26,3.4615384615384617,Friday (1995),01-Jan-1995,http://us.imdb.com/M/title-exact?Friday%20(1995)
800,26,2.8846153846153846,In the Mouth of Madness (1995),01-Jan-1995,http://us.imdb.com/M/title-exact?In%20the%20Mouth%20of%20Madness%20(1995)
422,26,2.8461538461538463,Aladdin and the King of Thieves (1996),01-Jan-1996,http://us.imdb.com/M/title-exact?Aladdin%20and%20the%20King%20of%20Thieves%20(1996)%20(V)
1284,26,2.8461538461538463,Before and After (1996),23-Feb-1996,http://us.imdb.com/M/title-exact?Before%20and%20After%20(1996)
775,26,2.769230769230769,Something to Talk About (1995),01-Jan-1995,http://us.imdb.com/M/title-exact?Something%20to%20Talk%20About%20(1995)
352,26,2.1153846153846154,Spice World (1997),01-Jan-1997,http://us.imdb.com/M/title-exact?imdb-title-120185
398,26,2.076923076923077,Super Mario Bros. (1993),01-Jan-1993,http://us.imdb.com/M/title-exact?Super%20Mario%20Bros.%20(1993)
837,25,3.92,Meet John Doe (1941),01-Jan-1941,http://us.imdb.com/M/title-exact?Meet%20John%20Doe%20(1941)
960,25,3.24,Naked (1993),01-Jan-1993,http://us.imdb.com/M/title-exact?Naked%20(1993)
1045,25,3.24,Fearless (1993),01-Jan-1993,http://us.imdb.com/M/title-exact?Fearless%20(1993)
938,25,2.88,"Smile Like Yours, A (1997)",01-Jan-1997,http://us.imdb.com/M/title-exact?Smile+Like+Yours%2C+A+(1997)
1157,25,2.88,"Relic, The (1997)",17-Jan-1997,"http://us.imdb.com/M/title-exact?Relic,%20The%20(1997)"
415,25,2.84,"Apple Dumpling Gang, The (1975)",01-Jan-1975,"http://us.imdb.com/M/title-exact?Apple%20Dumpling%20Gang,%20The%20(1975)"
818,25,2.76,Girl 6 (1996),22-Mar-1996,http://us.imdb.com/M/title-exact?Girl%206%20(1996)
1163,25,2.68,"Portrait of a Lady, The (1996)",27-Dec-1996,http://us.imdb.com/M/title-exact?Portrait%20of%20a%20Lady%2C%20The%20%281996%29
1222,25,2.68,Judgment Night (1993),01-Jan-1993,http://us.imdb.com/M/title-exact?Judgment%20Night%20(1993)
1040,25,2.6,Two if by Sea (1996),01-Jan-1996,http://us.imdb.com/M/title-exact?Two%20if%20by%20Sea%20(1996)
1049,25,2.52,House Arrest (1996),02-Aug-1996,http://us.imdb.com/Title?House+Arrest+(1996/I)
1052,25,2.28,Dracula: Dead and Loving It (1995),01-Jan-1995,http://us.imdb.com/M/title-exact?Dracula:%20Dead%20and%20Loving%20It%20(1995)
991,25,2.24,Keys to Tulsa (1997),11-Apr-1997,http://us.imdb.com/Title?Keys+to+Tulsa+(1997)
834,25,2.2,Halloween: The Curse of Michael Myers (1995),01-Jan-1995,http://us.imdb.com/M/title-exact?Halloween:%20The%20Curse%20of%20Michael%20Myers%20(1995)
863,24,3.9166666666666665,"Garden of Finzi-Contini, The (Giardino dei Finzi-Contini, Il) (1970)",08-Nov-1996,"http://us.imdb.com/M/title-exact?Giardino%20dei%20Finzi-Contini,%20Il%20(1970)"
459,24,3.75,"Cry, the Beloved Country (1995)",01-Jan-1995,"http://us.imdb.com/M/title-exact?Cry,%20the%20Beloved%20Country%20(1995)"
634,24,3.75,Microcosmos: Le peuple de l'herbe (1996),11-Oct-1996,http://us.imdb.com/M/title-exact?Microcosmos%3A%20Le%20peuple%20de%20l%27herbe%20%281996%29
753,24,3.7083333333333335,Burnt By the Sun (1994),01-Jan-1994,http://us.imdb.com/M/title-exact?Utomlyonnye%20Solntsem%20(1994)
730,24,3.5,"Queen Margot (Reine Margot, La) (1994)",01-Jan-1996,"http://us.imdb.com/Title?Reine+Margot,+La+(1994)"
1053,24,3.4583333333333335,Now and Then (1995),01-Jan-1995,http://us.imdb.com/M/title-exact?Now%20and%20Then%20(1995)
704,24,3.0416666666666665,"House of the Spirits, The (1993)",01-Jan-1993,"http://us.imdb.com/M/title-exact?House%20of%20the%20Spirits,%20The%20(1993)"
869,24,3.0,Fools Rush In (1997),14-Feb-1997,http://us.imdb.com/M/title-exact?Fools%20Rush%20In%20(1997)
376,24,2.8333333333333335,Houseguest (1994),01-Jan-1994,http://us.imdb.com/M/title-exact?Houseguest%20(1994)
1036,24,2.75,Drop Dead Fred (1991),01-Jan-1991,http://us.imdb.com/M/title-exact?Drop%20Dead%20Fred%20(1991)
551,24,2.4166666666666665,Lord of Illusions (1995),01-Jan-1995,http://us.imdb.com/M/title-exact?Lord%20of%20Illusions%20(1995)
1037,24,2.0,Grease 2 (1982),01-Jan-1982,http://us.imdb.com/M/title-exact?Grease%202%20(1982)
962,23,3.130434782608696,Ruby in Paradise (1993),01-Jan-1993,http://us.imdb.com/M/title-exact?Ruby%20in%20Paradise%20(1993)
1315,23,3.130434782608696,Inventing the Abbotts (1997),04-Apr-1997,http://us.imdb.com/M/title-exact?Inventing%20the%20Abbotts%20%281997%29
1093,23,3.0869565217391304,Live Nude Girls (1995),01-Mar-1996,http://us.imdb.com/M/title-exact?Live%20Nude%20Girls%20(1995)
149,23,3.0,Jude (1996),01-Nov-1996,http://us.imdb.com/M/title-exact?Jude%20(1996)
1199,23,2.869565217391304,Cemetery Man (Dellamorte Dellamore) (1994),12-Apr-1996,http://us.imdb.com/M/title-exact?Dellamorte%20Dellamore%20(1994)
1006,23,2.8260869565217392,Until the End of the World (Bis ans Ende der Welt) (1991),01-Jan-1991,http://us.imdb.com/M/title-exact?Bis%20ans%20Ende%20der%20Welt%20(1991)
635,23,2.739130434782609,"Fog, The (1980)",01-Jan-1980,"http://us.imdb.com/M/title-exact?Fog,%20The%20(1980)"
986,23,2.5652173913043477,Turbulence (1997),10-Jan-1997,http://us.imdb.com/M/title-exact?Turbulence%20(1997)
1258,23,2.5217391304347827,Trial and Error (1997),30-May-1997,http://us.imdb.com/M/title-exact?Trial%20and%20Error%20%281997%29
1054,23,2.3043478260869565,Mr. Wrong (1996),16-Feb-1996,http://us.imdb.com/M/title-exact?Mr.%20Wrong%20(1996)
130,23,2.260869565217391,Kansas City (1996),16-Aug-1996,http://us.imdb.com/M/title-exact?Kansas%20City%20(1996)
375,23,1.9565217391304348,Showgirls (1995),01-Jan-1995,http://us.imdb.com/M/title-exact?Showgirls%20(1995)
1005,22,3.6818181818181817,"Double vie de Véronique, La (Double Life of Veronique, The) (1991)",01-Jan-1991,http://us.imdb.com/M/title-exact?Podwojne%20zycie%20Weroniki%20(1991)
445,22,3.5,"Body Snatcher, The (1945)",01-Jan-1945,"http://us.imdb.com/M/title-exact?Body%20Snatcher,%20The%20(1945)"
1176,22,3.3636363636363638,Welcome To Sarajevo (1997),01-Jan-1997,http://us.imdb.com/M/title-exact?Welcome+To+Sarajevo+(1997)
532,22,3.3181818181818183,Kama Sutra: A Tale of Love (1996),07-Mar-1997,http://us.imdb.com/M/title-exact?Kama%20Sutra%20(1996)
953,22,3.3181818181818183,Unstrung Heroes (1995),01-Jan-1995,http://us.imdb.com/M/title-exact?Unstrung%20Heroes%20(1995)
1168,22,3.3181818181818183,Little Buddha (1993),01-Jan-1993,http://us.imdb.com/M/title-exact?Little%20Buddha%20(1993)
624,22,3.272727272727273,"Three Caballeros, The (1945)",01-Jan-1945,"http://us.imdb.com/M/title-exact?Three%20Caballeros,%20The%20(1945)"
1113,22,3.272727272727273,Mrs. Parker and the Vicious Circle (1994),01-Jan-1994,http://us.imdb.com/M/title-exact?Mrs.%20Parker%20and%20the%20Vicious%20Circle%20(1994)
980,22,3.1818181818181817,Mother Night (1996),01-Nov-1996,http://us.imdb.com/M/title-exact?Mother%20Night%20(1996)
821,22,3.0454545454545454,Mrs. Winterbourne (1996),19-Apr-1996,http://us.imdb.com/M/title-exact?Mrs.%20Winterbourne%20(1996)
985,22,2.8636363636363638,Blood & Wine (1997),15-Nov-1996,http://us.imdb.com/Title?Blood+%26+Wine+(1997)
1078,22,2.772727272727273,Oliver & Company (1988),29-Mar-1988,http://us.imdb.com/M/title-exact?Oliver%20&%20Company%20(1988)
560,22,2.727272727272727,"Kid in King Arthur's Court, A (1995)",01-Jan-1995,"http://us.imdb.com/M/title-exact?Kid%20in%20King%20Arthur's%20Court,%20A%20(1995)"
565,22,2.6818181818181817,Village of the Damned (1995),01-Jan-1995,http://us.imdb.com/M/title-exact?Village%20of%20the%20Damned%20(1995)
832,22,2.5454545454545454,Bogus (1996),06-Sep-1996,http://us.imdb.com/M/title-exact?Bogus%20(1996)
1231,22,2.5,Marked for Death (1990),01-Jan-1990,http://us.imdb.com/M/title-exact?Marked%20for%20Death%20(1990)
1057,22,2.3181818181818183,"Pallbearer, The (1996)",19-Apr-1996,"http://us.imdb.com/M/title-exact?Pallbearer,%20The%20(1996)"
1203,21,4.0476190476190474,Top Hat (1935),01-Jan-1935,http://us.imdb.com/M/title-exact?Top%20Hat%20(1935)
1084,21,3.857142857142857,Anne Frank Remembered (1995),23-Feb-1996,http://us.imdb.com/M/title-exact?Anne%20Frank%20Remembered%20(1995)
1121,21,3.761904761904762,"Umbrellas of Cherbourg, The (Parapluies de Cherbourg, Les) (1964)",05-Apr-1996,"http://us.imdb.com/M/title-exact?Parapluies%20de%20Cherbourg,%20Les%20(1964)"
965,21,3.6666666666666665,Funny Face (1957),01-Jan-1957,http://us.imdb.com/M/title-exact?Funny%20Face%20(1957)
1147,21,3.6666666666666665,My Family (1995),01-Jan-1995,http://us.imdb.com/M/title-exact?My%20Family%20(1995)
543,21,3.619047619047619,"Misérables, Les (1995)",01-Jan-1995,http://us.imdb.com/M/title-exact?Mis%E9rables%2C%20Les%20%281995%29
865,21,3.4761904761904763,"Ice Storm, The (1997)",01-Jan-1997,http://us.imdb.com/M/title-exact?Ice+Storm%2C+The+(1997)
1086,21,3.2857142857142856,It's My Party (1995),22-Mar-1996,http://us.imdb.com/M/title-exact?It's%20My%20Party%20(1995)
906,21,3.1904761904761907,Oscar & Lucinda (1997),31-Dec-1997,http://us.imdb.com/M/title-exact?imdb-title-119843
335,21,2.761904761904762,How to Be a Player (1997),01-Jan-1997,http://us.imdb.com/M/title-exact?How+to+Be+a+Player+(1997)
795,21,2.4285714285714284,Richie Rich (1994),01-Jan-1994,http://us.imdb.com/M/title-exact?Richie%20Rich%20(1994)
816,21,2.4285714285714284,Candyman: Farewell to the Flesh (1995),01-Jan-1995,http://us.imdb.com/M/title-exact?Candyman:%20Farewell%20to%20the%20Flesh%20(1995)
933,21,2.4285714285714284,"Funeral, The (1996)",25-Oct-1996,"http://us.imdb.com/M/title-exact?Funeral,%20The%20(1996)"
758,21,1.7142857142857142,Lawnmower Man 2: Beyond Cyberspace (1996),01-Jan-1996,http://us.imdb.com/M/title-exact?Lawnmower%20Man%202:%20Beyond%20Cyberspace%20(1996)
320,20,4.05,Paradise Lost: The Child Murders at Robin Hood Hills (1996),06-Dec-1996,http://us.imdb.com/M/title-exact?Paradise%20Lost%3a%20The%20Child%20Murders%20at%20Robin%20Hood%20Hills%20(1996)
601,20,4.0,For Whom the Bell Tolls (1943),01-Jan-1943,http://us.imdb.com/M/title-exact?For%20Whom%20the%20Bell%20Tolls%20(1943)
904,20,3.45,Ma vie en rose (My Life in Pink) (1997),26-Dec-1997,http://us.imdb.com/M/title-exact?imdb-title-119590
1296,20,3.25,Indian Summer (1996),01-Jan-1996,http://us.imdb.com/M/title-exact?Indian+Summer+(1996)
1219,20,2.9,"Goofy Movie, A (1995)",01-Jan-1995,"http://us.imdb.com/M/title-exact?Goofy%20Movie,%20A%20(1995)"
1208,20,2.85,Kiss of Death (1995),01-Jan-1995,http://us.imdb.com/M/title-exact?Kiss%20of%20Death%20(1995)
982,20,2.8,Maximum Risk (1996),13-Sep-1996,http://us.imdb.com/M/title-exact?Maximum%20Risk%20(1996)
351,20,2.7,"Prophecy II, The (1998)",16-Jan-1998,http://us.imdb.com/M/title-exact?imdb-title-119959
908,20,2.5,Half Baked (1998),16-Jan-1998,http://us.imdb.com/M/title-exact?imdb-title-120693
112,20,2.45,Flipper (1996),10-May-1996,http://us.imdb.com/M/title-exact?Flipper%20(1996)
1030,20,2.25,"Beverly Hillbillies, The (1993)",01-Jan-1993,"http://us.imdb.com/M/title-exact?Beverly%20Hillbillies,%20The%20(1993)"
1407,20,2.25,"Specialist, The (1994)",01-Jan-1994,"http://us.imdb.com/M/title-exact?Specialist,%20The%20(1994)"
1103,19,3.789473684210526,Trust (1990),01-Jan-1990,http://us.imdb.com/Title?Trust+(1990)
703,19,3.5789473684210527,Widows' Peak (1994),01-Jan-1994,http://us.imdb.com/M/title-exact?Widows'%20Peak%20(1994)
1153,19,3.473684210526316,Backbeat (1993),01-Jan-1993,http://us.imdb.com/M/title-exact?Backbeat%20(1993)
1277,19,3.4210526315789473,Set It Off (1996),25-Sep-1996,http://us.imdb.com/M/title-exact?Set%20It%20Off%20(1996)
1245,19,3.210526315789474,Gridlock'd (1997),29-Jan-1997,http://us.imdb.com/M/title-exact?Gridlock'd%20(1997)
1117,19,3.1052631578947367,Surviving Picasso (1996),20-Sep-1996,http://us.imdb.com/M/title-exact?Surviving%20Picasso%20(1996)
1265,19,3.0526315789473686,Star Maps (1997),01-Jan-1997,http://us.imdb.com/M/title-exact?Star+Maps+(1997)
1248,19,3.0,Blink (1994),01-Jan-1994,http://us.imdb.com/M/title-exact?Blink%20(1994)
1206,19,2.6842105263157894,Amos & Andrew (1993),01-Jan-1993,http://us.imdb.com/M/title-exact?Amos%20&%20Andrew%20(1993)
1283,19,2.6842105263157894,Out to Sea (1997),04-Jul-1997,http://us.imdb.com/M/title-exact?Out+to+Sea+(1997)
579,19,2.6315789473684212,Fatal Instinct (1993),01-Jan-1993,http://us.imdb.com/M/title-exact?Fatal%20Instinct%20(1993)
138,19,2.5789473684210527,D3: The Mighty Ducks (1996),04-Oct-1996,http://us.imdb.com/M/title-exact?D3:%20The%20Mighty%20Ducks%20(1996)
1178,19,2.473684210526316,Major Payne (1994),01-Jan-1994,http://us.imdb.com/M/title-exact?Major%20Payne%20(1994)
1444,19,2.473684210526316,That Darn Cat! (1965),01-Jan-1965,http://us.imdb.com/Title?That+Darn+Cat%21+(1965)
1183,19,2.210526315789474,"Cowboy Way, The (1994)",01-Jan-1994,"http://us.imdb.com/M/title-exact?Cowboy%20Way,%20The%20(1994)"
263,19,2.1578947368421053,Steel (1997),15-Aug-1997,http://us.imdb.com/M/title-exact?Steel+(1997)
894,19,1.894736842105263,Home Alone 3 (1997),01-Jan-1997,http://us.imdb.com/M/title-exact?imdb-title-119303
424,19,1.3157894736842106,Children of the Corn: The Gathering (1996),01-Jan-1996,http://us.imdb.com/M/title-exact?Children%20of%20the%20Corn%3A%20The%20Gathering%20%281996%29
811,18,3.9444444444444446,Thirty-Two Short Films About Glenn Gould (1993),01-Jan-1993,http://us.imdb.com/M/title-exact?Thirty-Two%20Short%20Films%20About%20Glenn%20Gould%20(1993)
617,18,3.7777777777777777,"Blue Angel, The (Blaue Engel, Der) (1930)",01-Jan-1930,"http://us.imdb.com/M/title-exact?Blaue%20Engel,%20Der%20(1930)"
968,18,3.7222222222222223,"Inspector General, The (1949)",01-Jan-1949,"http://us.imdb.com/M/title-exact?Inspector%20General,%20The%20(1949)"
618,18,3.611111111111111,Picnic (1955),01-Jan-1955,http://us.imdb.com/M/title-exact?Picnic%20(1955)
1204,18,3.611111111111111,To Be or Not to Be (1942),01-Jan-1942,http://us.imdb.com/M/title-exact?To%20Be%20or%20Not%20to%20Be%20(1942)
359,18,3.5,"Assignment, The (1997)",01-Jan-1997,http://us.imdb.com/M/title-exact?Assignment%2C+The+(1997)
1097,18,3.5,"Hate (Haine, La) (1995)",09-Feb-1996,"http://us.imdb.com/M/title-exact?Haine,%20La%20(1995)"
1401,18,3.2222222222222223,M. Butterfly (1993),01-Jan-1993,http://us.imdb.com/M/title-exact?M.%20Butterfly%20(1993)
916,18,3.1666666666666665,Lost in Space (1998),27-Mar-1998,http://us.imdb.com/Title?Lost+in+Space+(1998)
1069,18,3.1666666666666665,Amateur (1994),01-Jan-1994,http://us.imdb.com/M/title-exact?Amateur%20(1994)
812,18,3.111111111111111,Andre (1994),01-Jan-1994,http://us.imdb.com/M/title-exact?Andre%20(1994)
903,18,3.111111111111111,Afterglow (1997),26-Dec-1997,http://us.imdb.com/M/title-exact?imdb-title-118566
1107,18,3.0555555555555554,Beyond Rangoon (1995),01-Jan-1995,http://us.imdb.com/M/title-exact?Beyond%20Rangoon%20(1995)
84,18,3.0,Robert A. Heinlein's The Puppet Masters (1994),01-Jan-1994,http://us.imdb.com/M/title-exact?Robert%20A.%20Heinlein's%20The%20Puppet%20Masters%20(1994)
337,18,3.0,"House of Yes, The (1997)",01-Jan-1997,"http://us.imdb.com/M/title-exact?House+of+Yes,+The+(1997)"
1105,18,2.8333333333333335,Firestorm (1998),09-Jan-1998,http://us.imdb.com/M/title-exact?imdb-title-120670
400,18,2.7222222222222223,"Little Rascals, The (1994)",01-Jan-1994,"http://us.imdb.com/M/title-exact?Little%20Rascals,%20The%20(1994)"
1478,18,2.7222222222222223,Dead Presidents (1995),01-Jan-1995,http://us.imdb.com/M/title-exact?Dead%20Presidents%20(1995)
1239,18,2.4444444444444446,Cutthroat Island (1995),01-Jan-1995,http://us.imdb.com/M/title-exact?Cutthroat%20Island%20(1995)
1303,18,2.3333333333333335,"Getaway, The (1994)",01-Jan-1994,"http://us.imdb.com/M/title-exact?Getaway,%20The%20(1994)"
1185,18,2.2777777777777777,In the Army Now (1994),01-Jan-1994,http://us.imdb.com/M/title-exact?In%20the%20Army%20Now%20(1994)
862,18,2.111111111111111,Jingle All the Way (1996),22-Nov-1996,http://us.imdb.com/M/title-exact?Jingle%20All%20the%20Way%20(1996)
590,18,2.0,Hellraiser: Bloodline (1996),08-Mar-1996,http://us.imdb.com/M/title-exact?Hellraiser:%20Bloodline%20(1996)
1230,18,1.8333333333333333,Ready to Wear (Pret-A-Porter) (1994),01-Jan-1994,http://us.imdb.com/Title?Pr%EAt-%E0-Porter+(1994)
1286,17,3.7058823529411766,Shall We Dance? (1937),01-Jan-1937,http://us.imdb.com/M/title-exact?Shall%20We%20Dance?%20(1937)
947,17,3.235294117647059,"Big Blue, The (Grand bleu, Le) (1988)",01-Jan-1988,"http://us.imdb.com/M/title-exact?Grand%20bleu,%20Le%20(1988)"
557,17,3.1176470588235294,Farinelli: il castrato (1994),01-Jan-1994,http://us.imdb.com/M/title-exact?Farinelli:%20il%20castrato%20(1994)
1120,17,3.0,I'm Not Rappaport (1996),13-Nov-1996,http://us.imdb.com/M/title-exact?I'm%20Not%20Rappaport%20(1996)
773,17,2.9411764705882355,Mute Witness (1994),01-Jan-1994,http://us.imdb.com/M/title-exact?Mute%20Witness%20(1994)
1038,17,2.823529411764706,Switchback (1997),01-Jan-1997,http://us.imdb.com/M/title-exact?Switchback+(1997)
1232,17,2.4705882352941178,Madonna: Truth or Dare (1991),01-Jan-1991,http://us.imdb.com/M/title-exact?Madonna:%20Truth%20or%20Dare%20(1991)
1140,17,2.2941176470588234,"Road to Wellville, The (1994)",01-Jan-1994,"http://us.imdb.com/M/title-exact?Road%20to%20Wellville,%20The%20(1994)"
1207,17,2.2941176470588234,Jade (1995),01-Jan-1995,http://us.imdb.com/M/title-exact?Jade%20(1995)
1001,17,2.0,"Stupids, The (1996)",30-Aug-1996,"http://us.imdb.com/M/title-exact?Stupids,%20The%20(1996)"
745,16,3.875,"Ruling Class, The (1972)",01-Jan-1972,"http://us.imdb.com/M/title-exact?Ruling%20Class,%20The%20(1972)"
718,16,3.6875,In the Bleak Midwinter (1995),23-Feb-1996,http://us.imdb.com/M/title-exact?In%20the%20Bleak%20Midwinter%20(1995)
1278,16,3.625,Selena (1997),21-Mar-1997,http://us.imdb.com/M/title-exact?Selena%20(1997)
256,16,3.5625,When the Cats Away (Chacun cherche son chat) (1996),20-Jun-1997,http://us.imdb.com/M/title-exact?Chacun+cherche+son+chat+(1996)
691,16,3.5,Dark City (1998),09-Jan-1998,http://us.imdb.com/M/title-exact?imdb-title-118929
854,16,3.375,Bad Taste (1987),01-Jan-1987,http://us.imdb.com/M/title-exact?Bad%20Taste%20(1987)
1066,16,3.0,Balto (1995),01-Jan-1995,http://us.imdb.com/M/title-exact?Balto%20(1995)
454,16,2.875,Bastard Out of Carolina (1996),15-Dec-1996,http://us.imdb.com/M/title-exact?Bastard%20Out%20of%20Carolina%20(1996)
1032,16,2.875,Little Big League (1994),01-Jan-1994,http://us.imdb.com/M/title-exact?Little%20Big%20League%20(1994)
1071,16,2.875,Party Girl (1995),01-Jan-1995,http://us.imdb.com/Title?Party+Girl+(1995/I)
801,16,2.8125,"Air Up There, The (1994)",01-Jan-1994,"http://us.imdb.com/M/title-exact?Air%20Up%20There,%20The%20(1994)"
725,16,2.75,Exit to Eden (1994),01-Jan-1994,http://us.imdb.com/M/title-exact?Exit%20to%20Eden%20(1994)
1280,16,2.6875,Gang Related (1997),01-Jan-1997,http://us.imdb.com/M/title-exact?Gang+Related+(1997)
998,16,2.5625,Cabin Boy (1994),01-Jan-1994,http://us.imdb.com/M/title-exact?Cabin%20Boy%20(1994)
1311,16,2.5,Waiting to Exhale (1995),15-Jan-1996,http://us.imdb.com/M/title-exact?Waiting%20to%20Exhale%20(1995)
860,16,2.25,"Believers, The (1987)",01-Jan-1987,"http://us.imdb.com/M/title-exact?Believers,%20The%20(1987)"
997,16,2.125,Stuart Saves His Family (1995),01-Jan-1995,http://us.imdb.com/M/title-exact?Stuart%20Saves%20His%20Family%20(1995)
1419,16,2.125,Highlander III: The Sorcerer (1994),01-Jan-1994,http://us.imdb.com/M/title-exact?Highlander%20III:%20The%20Sorcerer%20(1994)
453,16,1.9375,Jaws 3-D (1983),01-Jan-1983,http://us.imdb.com/M/title-exact?Jaws%203-D%20(1983)
1143,15,4.0,Hard Eight (1996),28-Feb-1997,http://us.imdb.com/Title?Hard+Eight+(1996)
835,15,3.8666666666666667,"Gay Divorcee, The (1934)",01-Jan-1934,http://us.imdb.com/M/title-exact?Gay%20Divorcee%2C%20The%20%281934%29
1451,15,3.8666666666666667,Foreign Correspondent (1940),01-Jan-1940,http://us.imdb.com/M/title-exact?Foreign%20Correspondent%20(1940)
115,15,3.7333333333333334,"Haunted World of Edward D. Wood Jr., The (1995)",26-Apr-1996,"http://us.imdb.com/Title?Haunted+World+of+Edward+D.+Wood+Jr.,+The+(1995)"
533,15,3.6666666666666665,"Daytrippers, The (1996)",21-Mar-1997,http://us.imdb.com/M/title-exact?Daytrippers%2C%20The%20(1996)
1172,15,3.6666666666666665,"Women, The (1939)",01-Jan-1939,"http://us.imdb.com/M/title-exact?Women,%20The%20(1939)"
1024,15,3.6,Mrs. Dalloway (1997),01-Jan-1997,http://us.imdb.com/M/title-exact?Mrs%2E+Dalloway+(1997)
888,15,3.466666666666667,One Night Stand (1997),01-Jan-1997,http://us.imdb.com/M/title-exact?One+Night+Stand+(1997)
1058,15,3.2666666666666666,"War, The (1994)",01-Jan-1994,"http://us.imdb.com/M/title-exact?War,%20The%20(1994)"
733,15,3.2,Go Fish (1994),01-Jan-1994,http://us.imdb.com/M/title-exact?Go%20Fish%20(1994)
1285,15,3.1333333333333333,Princess Caraboo (1994),01-Jan-1994,http://us.imdb.com/M/title-exact?Princess%20Caraboo%20(1994)
1446,15,3.1333333333333333,"Bye Bye, Love (1995)",01-Jan-1995,"http://us.imdb.com/M/title-exact?Bye%20Bye,%20Love%20(1995)"
1263,15,2.933333333333333,Foxfire (1996),23-Aug-1996,http://us.imdb.com/M/title-exact?Foxfire%20(1996)
1112,15,2.8,Cobb (1994),01-Jan-1994,http://us.imdb.com/M/title-exact?Cobb%20(1994)
1273,15,2.7333333333333334,Color of Night (1994),01-Jan-1994,http://us.imdb.com/M/title-exact?Color%20of%20Night%20(1994)
859,15,2.6666666666666665,April Fool's Day (1986),01-Jan-1986,http://us.imdb.com/M/title-exact?April%20Fool's%20Day%20(1986)
700,15,2.6,Miami Rhapsody (1995),01-Jan-1995,http://us.imdb.com/M/title-exact?Miami%20Rhapsody%20(1995)
1209,15,2.533333333333333,Mixed Nuts (1994),01-Jan-1994,http://us.imdb.com/M/title-exact?Mixed%20Nuts%20(1994)
983,15,2.4,"Rich Man's Wife, The (1996)",13-Sep-1996,"http://us.imdb.com/M/title-exact?Rich%20Man's%20Wife,%20The%20(1996)"
574,15,2.2,Boxing Helena (1993),01-Jan-1993,http://us.imdb.com/M/title-exact?Boxing%20Helena%20(1993)
1291,15,2.2,Celtic Pride (1996),19-Apr-1996,http://us.imdb.com/M/title-exact?Celtic%20Pride%20(1996)
103,15,1.8666666666666667,All Dogs Go to Heaven 2 (1996),29-Mar-1996,http://us.imdb.com/M/title-exact?All%20Dogs%20Go%20to%20Heaven%202%20(1996)
853,14,3.857142857142857,Braindead (1992),01-Jan-1992,http://us.imdb.com/M/title-exact?Braindead%20(1992)
958,14,3.7857142857142856,To Live (Huozhe) (1994),01-Jan-1994,http://us.imdb.com/M/title-exact?Huozhe%20(1994)
587,14,3.5714285714285716,"Hour of the Pig, The (1993)",01-Jan-1993,"http://us.imdb.com/M/title-exact?Hour%20of%20the%20Pig,%20The%20(1993)"
1171,14,3.142857142857143,Wild Reeds (1994),01-Jan-1994,http://us.imdb.com/M/title-exact?Roseaux%20sauvages%2C%20Les%20%281994%29
1313,14,3.142857142857143,Palmetto (1998),20-Feb-1998,http://us.imdb.com/M/title-exact?Palmetto+(1998)
786,14,2.642857142857143,"Perez Family, The (1995)",01-Jan-1995,"http://us.imdb.com/M/title-exact?Perez%20Family,%20The%20(1995)"
1225,14,2.642857142857143,Angus (1995),01-Jan-1995,http://us.imdb.com/M/title-exact?Angus%20(1995)
996,14,2.5,"Big Green, The (1995)",01-Jan-1995,"http://us.imdb.com/M/title-exact?Big%20Green,%20The%20(1995)"
353,14,2.4285714285714284,Deep Rising (1998),30-Jan-1998,http://us.imdb.com/M/title-exact?imdb-title-118956
726,14,2.4285714285714284,Fluke (1995),01-Jan-1995,http://us.imdb.com/M/title-exact?Fluke%20(1995)
893,14,2.4285714285714284,For Richer or Poorer (1997),01-Jan-1997,http://us.imdb.com/M/title-exact?imdb-title-119142
1029,14,2.0,Jury Duty (1995),01-Jan-1995,http://us.imdb.com/M/title-exact?Jury%20Duty%20(1995)
1165,14,1.8571428571428572,Big Bully (1996),01-Jan-1996,http://us.imdb.com/M/title-exact?Big%20Bully%20(1996)
440,14,1.6428571428571428,Amityville II: The Possession (1982),01-Jan-1982,http://us.imdb.com/M/title-exact?Amityville%20II:%20The%20Possession%20(1982)
1131,13,4.0,Safe (1995),01-Jan-1995,http://us.imdb.com/M/title-exact?Safe%20(1995)
915,13,3.923076923076923,Primary Colors (1998),20-Mar-1998,http://us.imdb.com/Title?Primary+Colors+(1998)
909,13,3.769230769230769,Dangerous Beauty (1998),23-Jan-1998,http://us.imdb.com/M/title-exact?imdb-title-118892
1116,13,3.6153846153846154,"Mark of Zorro, The (1940)",01-Jan-1940,"http://us.imdb.com/M/title-exact?Mark%20of%20Zorro,%20The%20(1940)"
1099,13,3.4615384615384617,"Red Firecracker, Green Firecracker (1994)",01-Jan-1994,http://us.imdb.com/M/title-exact?Pao%20Da%20Shuang%20Deng%20(1994)
889,13,3.3846153846153846,"Tango Lesson, The (1997)",01-Jan-1997,"http://us.imdb.com/M/title-exact?Tango+Lesson,+The+(1997)"
1192,13,3.3846153846153846,"Boys of St. Vincent, The (1993)",01-Jan-1993,"http://us.imdb.com/M/title-exact?Boys%20of%20St.%20Vincent,%20The%20(1993)"
534,13,3.3076923076923075,Traveller (1997),18-Apr-1997,http://us.imdb.com/M/title-exact?Traveller%20%281997%29
714,13,3.230769230769231,Carrington (1995),01-Jan-1995,http://us.imdb.com/M/title-exact?Carrington%20(1995)
787,13,3.230769230769231,Roommates (1995),01-Jan-1995,http://us.imdb.com/M/title-exact?Roommates%20(1995)
883,13,3.230769230769231,Telling Lies in America (1997),01-Jan-1997,http://us.imdb.com/M/title-exact?Telling+Lies+in+America+(1997)
1187,13,3.230769230769231,Switchblade Sisters (1975),17-May-1975,http://us.imdb.com/M/title-exact?Switchblade%20Sisters%20(1975)
1404,13,3.230769230769231,Withnail and I (1987),01-Jan-1987,http://us.imdb.com/M/title-exact?Withnail%20and%20I%20(1987)
1281,13,3.1538461538461537,Manny & Lo (1996),26-Jul-1996,http://us.imdb.com/M/title-exact?Manny%20&%20Lo%20(1996)
695,13,2.923076923076923,Kicking and Screaming (1995),01-Jan-1995,http://us.imdb.com/M/title-exact?Kicking%20and%20Screaming%20(1995)
1161,13,2.923076923076923,Palookaville (1996),25-Oct-1996,http://us.imdb.com/M/title-exact?Palookaville%20(1996)
828,13,2.6923076923076925,Alaska (1996),21-Aug-1996,http://us.imdb.com/M/title-exact?Alaska%20(1996)
1128,13,2.6923076923076925,Heidi Fleiss: Hollywood Madam (1995) ,09-Feb-1996,http://us.imdb.com/M/title-exact?Heidi%20Fleiss:%20Hollywood%20Madam%20(1995)%20(TV)
1182,13,2.3076923076923075,Cops and Robbersons (1994),01-Jan-1994,http://us.imdb.com/M/title-exact?Cops%20and%20Robbersons%20(1994)
885,13,2.230769230769231,Phantoms (1998),01-Jan-1998,http://us.imdb.com/M/title-exact?Phantoms+(1998)
1088,13,2.230769230769231,Double Team (1997),04-Apr-1997,http://us.imdb.com/M/title-exact?Double%20Team%20%281997%29
36,13,2.1538461538461537,Mad Love (1995),01-Jan-1995,http://us.imdb.com/M/title-exact?Mad%20Love%20(1995)
377,13,2.1538461538461537,Heavyweights (1994),01-Jan-1994,http://us.imdb.com/M/title-exact?Heavyweights%20(1994)
1229,13,2.1538461538461537,Poison Ivy II (1995),01-Jan-1995,http://us.imdb.com/M/title-exact?Poison%20Ivy%20II%20(1995)
669,13,1.6153846153846154,Body Parts (1991),01-Jan-1991,http://us.imdb.com/M/title-exact?Body%20Parts%20(1991)
1124,12,3.8333333333333335,"Farewell to Arms, A (1932)",01-Jan-1932,"http://us.imdb.com/M/title-exact?Farewell%20to%20Arms,%20A%20(1932)"
1062,12,3.75,Four Days in September (1997),23-Jan-1998,http://us.imdb.com/M/title-exact?imdb-title-119815
1428,12,3.6666666666666665,SubUrbia (1997),07-Feb-1997,http://us.imdb.com/M/title-exact?SubUrbia%20(1997)
1211,12,3.4166666666666665,Blue Sky (1994),01-Jan-1994,http://us.imdb.com/M/title-exact?Blue%20Sky%20(1994)
1483,12,3.4166666666666665,"Man in the Iron Mask, The (1998)",17-Mar-1998,"http://us.imdb.com/Title?Man+in+the+Iron+Mask,+The+(1998/I)"
394,12,3.3333333333333335,Radioland Murders (1994),01-Jan-1994,http://us.imdb.com/M/title-exact?Radioland%20Murders%20(1994)
1154,12,3.3333333333333335,Alphaville (1965),01-Jan-1965,http://us.imdb.com/M/title-exact?Alphaville%20(1965)
593,12,3.1666666666666665,Stalingrad (1993),01-Jan-1993,http://us.imdb.com/M/title-exact?Stalingrad%20(1993)
967,12,3.1666666666666665,Little Lord Fauntleroy (1936),01-Jan-1936,http://us.imdb.com/M/title-exact?Little%20Lord%20Fauntleroy%20(1936)
1068,12,3.1666666666666665,"Star Maker, The (Uomo delle stelle, L') (1995)",01-Mar-1996,"http://us.imdb.com/M/title-exact?Uomo%20delle%20stelle,%20L'%20(1995)"
1166,12,3.1666666666666665,Love & Human Remains (1993),01-Jan-1993,http://us.imdb.com/M/title-exact?Love%20&%20Human%20Remains%20(1993)
1266,12,3.1666666666666665,Bread and Chocolate (Pane e cioccolata) (1973),01-Jan-1973,http://us.imdb.com/M/title-exact?Pane%20e%20Cioccolata%20(1973)
1469,12,3.1666666666666665,Tom and Huck (1995),01-Jan-1995,http://us.imdb.com/M/title-exact?Tom%20and%20Huck%20(1995)
1518,12,3.0,Losing Isaiah (1995),01-Jan-1995,http://us.imdb.com/M/title-exact?Losing%20Isaiah%20(1995)
1015,12,2.8333333333333335,Shiloh (1997),23-May-1997,http://us.imdb.com/M/title-exact?Shiloh%20%281997%29
1249,12,2.8333333333333335,For Love or Money (1993),01-Jan-1993,http://us.imdb.com/M/title-exact?For%20Love%20or%20Money%20(1993)
1297,12,2.8333333333333335,Love Affair (1994),01-Jan-1994,http://us.imdb.com/M/title-exact?Love%20Affair%20(1994)
1224,12,2.6666666666666665,"Scout, The (1994)",01-Jan-1994,"http://us.imdb.com/M/title-exact?Scout,%20The%20(1994)"
397,12,2.5833333333333335,Striking Distance (1993),01-Jan-1993,http://us.imdb.com/M/title-exact?Striking%20Distance%20(1993)
556,12,2.5,Wild Bill (1995),01-Jan-1995,http://us.imdb.com/M/title-exact?Wild%20Bill%20(1995)
1092,12,2.5,Dear God (1996),01-Nov-1996,http://us.imdb.com/M/title-exact?Dear%20God%20(1996)
1094,12,2.4166666666666665,"Thin Line Between Love and Hate, A (1996)",03-Apr-1996,"http://us.imdb.com/M/title-exact?Thin%20Line%20Between%20Love%20and%20Hate,%20A%20(1996)"
1076,12,2.25,"Pagemaster, The (1994)",01-Jan-1994,"http://us.imdb.com/M/title-exact?Pagemaster,%20The%20(1994)"
548,12,2.1666666666666665,"NeverEnding Story III, The (1994)",02-Feb-1996,"http://us.imdb.com/M/title-exact?NeverEnding%20Story%20III,%20The%20(1994)"
667,12,2.1666666666666665,Audrey Rose (1977),01-Jan-1977,http://us.imdb.com/M/title-exact?Audrey%20Rose%20(1977)
901,12,1.9166666666666667,Mr. Magoo (1997),25-Dec-1997,http://us.imdb.com/M/title-exact?imdb-title-119718
545,12,1.8333333333333333,Vampire in Brooklyn (1995),01-Jan-1995,http://us.imdb.com/M/title-exact?Vampire%20in%20Brooklyn%20(1995)
976,12,1.8333333333333333,Solo (1996),23-Aug-1996,http://us.imdb.com/M/title-exact?Solo%20(1996)
954,11,3.5454545454545454,Unzipped (1995),01-Jan-1995,http://us.imdb.com/M/title-exact?Unzipped%20(1995)
1159,11,3.5454545454545454,Stalker (1979),01-Jan-1979,http://us.imdb.com/M/title-exact?Stalker%20(1979)
1167,11,3.5454545454545454,"Sum of Us, The (1994)",01-Jan-1994,"http://us.imdb.com/M/title-exact?Sum%20of%20Us,%20The%20(1994)"
1190,11,3.3636363636363638,That Old Feeling (1997),04-Apr-1997,http://us.imdb.com/M/title-exact?That%20Old%20Feeling%20(1997)
1195,11,3.272727272727273,Strawberry and Chocolate (Fresa y chocolate) (1993),01-Jan-1993,http://us.imdb.com/M/title-exact?Fresa%20y%20chocolate%20(1993)
1421,11,3.1818181818181817,My Crazy Life (Mi vida loca) (1993),01-Jan-1993,http://us.imdb.com/M/title-exact?Mi%20vida%20loca%20(1993)
341,11,3.090909090909091,Critical Care (1997),01-Jan-1997,http://us.imdb.com/M/title-exact?Critical+Care+(1997)
1085,11,3.0,Carried Away (1996),29-Mar-1996,http://us.imdb.com/M/title-exact?Carried%20Away%20(1996)
621,11,2.909090909090909,"Davy Crockett, King of the Wild Frontier (1955)",01-Jan-1955,http://us.imdb.com/M/title-exact?Davy%20Crockett%2C%20King%20of%20the%20Wild%20Frontier%20%281955%29
1127,11,2.909090909090909,"Truman Show, The (1998)",01-Jan-1998,"http://us.imdb.com/Title?Truman+Show,+The+(1998)"
914,11,2.727272727272727,Wild Things (1998),14-Mar-1998,http://us.imdb.com/Title?Wild+Things+(1998)
1335,11,2.6363636363636362,American Buffalo (1996),13-Sep-1996,http://us.imdb.com/M/title-exact?American%20Buffalo%20(1996)
1314,11,2.4545454545454546,Surviving the Game (1994),01-Jan-1994,http://us.imdb.com/M/title-exact?Surviving%20the%20Game%20(1994)
374,11,2.272727272727273,Mighty Morphin Power Rangers: The Movie (1995),01-Jan-1995,http://us.imdb.com/M/title-exact?Mighty%20Morphin%20Power%20Rangers:%20The%20Movie%20(1995)
1480,11,2.272727272727273,Herbie Rides Again (1974),01-Jan-1974,http://us.imdb.com/M/title-exact?Herbie%20Rides%20Again%20(1974)
35,11,2.1818181818181817,Free Willy 2: The Adventure Home (1995),01-Jan-1995,http://us.imdb.com/M/title-exact?Free%20Willy%202:%20The%20Adventure%20Home%20(1995)
759,11,2.1818181818181817,Fair Game (1995),01-Jan-1995,http://us.imdb.com/M/title-exact?Fair%20Game%20(1995)
767,11,2.1818181818181817,"Addiction, The (1995)",01-Jan-1995,"http://us.imdb.com/M/title-exact?Addiction,%20The%20(1995)"
1254,11,1.8181818181818181,Gone Fishin' (1997),30-May-1997,http://us.imdb.com/M/title-exact?Gone%20Fishin'%20(1997)
1274,11,1.7272727272727273,Robocop 3 (1993),01-Jan-1993,http://us.imdb.com/M/title-exact?Robocop%203%20(1993)
1169,10,4.1,Fresh (1994),01-Jan-1994,http://us.imdb.com/M/title-exact?Fresh%20(1994)
701,10,4.0,"Wonderful, Horrible Life of Leni Riefenstahl, The (1993)",01-Jan-1993,"http://us.imdb.com/M/title-exact?Macht%20der%20Bilder:%20Leni%20Riefenstahl,%20Die%20(1993)"
1269,10,3.9,Love in the Afternoon (1957),01-Jan-1957,http://us.imdb.com/M/title-exact?Love%20in%20the%20Afternoon%20(1957)
1193,10,3.8,Before the Rain (Pred dozhdot) (1994),01-Jan-1994,http://us.imdb.com/M/title-exact?Pred%20dozhdot%20(1994)
1375,10,3.6,"Cement Garden, The (1993)",01-Jan-1993,"http://us.imdb.com/M/title-exact?Cement%20Garden,%20The%20(1993)"
361,10,3.5,Incognito (1997),01-Jan-1997,http://us.imdb.com/M/title-exact?Incognito+(1997)
793,10,3.5,Crooklyn (1994),01-Jan-1994,http://us.imdb.com/M/title-exact?Crooklyn%20(1994)
536,10,3.3,Ponette (1996),23-May-1997,http://us.imdb.com/M/title-exact?Ponette%20%281996%29
1114,10,3.3,Faithful (1996),03-Apr-1996,http://us.imdb.com/M/title-exact?Faithful%20(1996)
1268,10,3.3,Bitter Moon (1992),01-Jan-1992,http://us.imdb.com/M/title-exact?Lunes%20de%20fiel%20(1992)
360,10,3.2,Wonderland (1997),01-Jan-1997,http://us.imdb.com/M/title-exact?Wonderland+(1997)
390,10,3.2,Fear of a Black Hat (1993),01-Jan-1993,http://us.imdb.com/M/title-exact?Fear%20of%20a%20Black%20Hat%20(1993)
1055,10,3.2,"Simple Twist of Fate, A (1994)",01-Jan-1994,"http://us.imdb.com/M/title-exact?Simple%20Twist%20of%20Fate,%20A%20(1994)"
1056,10,3.2,Cronos (1992),01-Jan-1992,http://us.imdb.com/M/title-exact?Cronos%20(1992)
1400,10,3.1,Picture Bride (1995),01-Jan-1995,http://us.imdb.com/M/title-exact?Picture%20Bride%20(1995)
1503,10,3.1,Gold Diggers: The Secret of Bear Mountain (1995),01-Jan-1995,http://us.imdb.com/M/title-exact?Gold%20Diggers:%20The%20Secret%20of%20Bear%20Mountain%20(1995)
698,10,3.0,"Browning Version, The (1994)",01-Jan-1994,"http://us.imdb.com/M/title-exact?Browning%20Version,%20The%20(1994)"
1000,10,3.0,Lightning Jack (1994),01-Jan-1994,http://us.imdb.com/M/title-exact?Lightning%20Jack%20(1994)
1615,10,3.0,Warriors of Virtue (1997),02-May-1997,http://us.imdb.com/M/title-exact?Warriors%20of%20Virtue%20%281997%29
18,10,2.8,"White Balloon, The (1995)",01-Jan-1995,http://us.imdb.com/M/title-exact?Badkonake%20Sefid%20(1995)
999,10,2.8,Clean Slate (1994),01-Jan-1994,http://us.imdb.com/M/title-exact?Clean%20Slate%20(1994)
1540,10,2.8,"Amazing Panda Adventure, The (1995)",01-Jan-1995,"http://us.imdb.com/M/title-exact?Amazing%20Panda%20Adventure,%20The%20(1995)"
782,10,2.6,Little Odessa (1994),01-Jan-1994,http://us.imdb.com/M/title-exact?Little%20Odessa%20(1994)
1425,10,2.6,I'll Do Anything (1994),01-Jan-1994,http://us.imdb.com/M/title-exact?I'll%20Do%20Anything%20(1994)
146,10,2.5,Unhook the Stars (1996),30-Oct-1996,http://us.imdb.com/M/title-exact?Unhook%20the%20Stars%20(1996)
791,10,2.5,"Baby-Sitters Club, The (1995)",01-Jan-1995,"http://us.imdb.com/M/title-exact?Baby-Sitters%20Club,%20The%20(1995)"
1180,10,2.5,I Love Trouble (1994),01-Jan-1994,http://us.imdb.com/M/title-exact?I%20Love%20Trouble%20(1994)
1181,10,2.5,"Low Down Dirty Shame, A (1994)",01-Jan-1994,"http://us.imdb.com/M/title-exact?Low%20Down%20Dirty%20Shame,%20A%20(1994)"
1184,10,2.5,"Endless Summer 2, The (1994)",01-Jan-1994,"http://us.imdb.com/M/title-exact?Endless%20Summer%202,%20The%20(1994)"
1434,10,2.5,Shooting Fish (1997),16-Jan-1998,http://us.imdb.com/M/title-exact?imdb-title-120122
555,10,2.0,White Man's Burden (1995),01-Jan-1995,http://us.imdb.com/M/title-exact?White%20Man's%20Burden%20(1995)
1336,10,1.8,Kazaam (1996),17-Jul-1996,http://us.imdb.com/M/title-exact?Kazaam%20(1996)
1087,10,1.7,Bloodsport 2 (1995),01-Mar-1996,http://us.imdb.com/M/title-exact?Bloodsport%202%20%281995%29
113,9,4.111111111111111,"Horseman on the Roof, The (Hussard sur le toit, Le) (1995)",19-Apr-1996,"http://us.imdb.com/M/title-exact?Hussard%20sur%20le%20toit,%20Le%20(1995)"
1298,9,3.6666666666666665,"Band Wagon, The (1953)",01-Jan-1953,"http://us.imdb.com/M/title-exact?Band%20Wagon,%20The%20(1953)"
848,9,3.5555555555555554,"Murder, My Sweet (1944)",01-Jan-1944,"http://us.imdb.com/M/title-exact?Murder,%20My%20Sweet%20(1944)"
1473,9,3.5555555555555554,"Little Princess, The (1939)",01-Jan-1939,"http://us.imdb.com/M/title-exact?Little%20Princess,%20The%20(1939)"
267,9,3.4444444444444446,unknown,,
899,9,3.4444444444444446,"Winter Guest, The (1997)",01-Jan-1997,http://us.imdb.com/M/title-exact?imdb-title-120521
592,9,3.3333333333333335,True Crime (1995),01-Jan-1995,http://us.imdb.com/M/title-exact?True%20Crime%20(1995)
964,9,3.3333333333333335,"Month by the Lake, A (1995)",01-Jan-1995,"http://us.imdb.com/M/title-exact?Month%20by%20The%20Lake,%20A%20(1995)"
1141,9,3.3333333333333335,"War Room, The (1993)",01-Jan-1993,"http://us.imdb.com/M/title-exact?War%20Room,%20The%20(1993)"
1148,9,3.3333333333333335,Tom & Viv (1994),01-Jan-1994,http://us.imdb.com/M/title-exact?Tom%20&%20Viv%20(1994)
776,9,3.2222222222222223,Three Wishes (1995),01-Jan-1995,http://us.imdb.com/M/title-exact?Three%20Wishes%20(1995)
1282,9,3.2222222222222223,"Grass Harp, The (1995)",11-Oct-1996,"http://us.imdb.com/M/title-exact?Grass%20Harp,%20The%20(1995)"
1620,9,3.2222222222222223,"Sixth Man, The (1997)",28-Mar-1997,http://us.imdb.com/M/title-exact?Sixth%20Man%2C%20The%20(1997)
766,9,3.111111111111111,Man of the Year (1995),01-Mar-1996,http://us.imdb.com/M/title-exact?Man%20of%20the%20Year%20(1995)
1004,9,3.111111111111111,Geronimo: An American Legend (1993),01-Jan-1993,http://us.imdb.com/M/title-exact?Geronimo:%20An%20American%20Legend%20(1993)
1150,9,3.111111111111111,Last Dance (1996),03-May-1996,http://us.imdb.com/M/title-exact?Last%20Dance%20(1996)
912,9,3.0,U.S. Marshalls (1998),10-Mar-1998,http://us.imdb.com/Title?U.S.+Marshals+(1998)
1252,9,3.0,"Contempt (Mépris, Le) (1963)",27-Jun-1997,http://us.imdb.com/M/title-exact?M%E9pris%2C+Le+(1963)
1279,9,2.888888888888889,Wild America (1997),04-Jul-1997,http://us.imdb.com/M/title-exact?Wild+America+(1997)
807,9,2.7777777777777777,Poetic Justice (1993),01-Jan-1993,http://us.imdb.com/M/title-exact?Poetic%20Justice%20(1993)
870,9,2.7777777777777777,Touch (1997),14-Feb-1997,http://us.imdb.com/M/title-exact?Touch%20(1997)
1145,9,2.6666666666666665,Blue Chips (1994),01-Jan-1994,http://us.imdb.com/M/title-exact?Blue%20Chips%20(1994)
803,9,2.5555555555555554,Heaven & Earth (1993),01-Jan-1993,http://us.imdb.com/M/title-exact?Heaven%20&%20Earth%20(1993)
446,9,2.4444444444444446,Burnt Offerings (1976),01-Jan-1976,http://us.imdb.com/M/title-exact?Burnt%20Offerings%20(1976)
1415,9,2.4444444444444446,"Next Karate Kid, The (1994)",01-Jan-1994,"http://us.imdb.com/M/title-exact?Next%20Karate%20Kid,%20The%20(1994)"
1471,9,2.4444444444444446,Hideaway (1995),01-Jan-1995,http://us.imdb.com/M/title-exact?Hideaway%20(1995)
1300,9,2.3333333333333335,'Til There Was You (1997),30-May-1997,http://us.imdb.com/Title?%27Til+There+Was+You+(1997)
1337,9,2.3333333333333335,Larger Than Life (1996),01-Nov-1996,http://us.imdb.com/M/title-exact?Larger%20Than%20Life%20(1996)
798,9,2.2222222222222223,Bad Company (1995),01-Jan-1995,http://us.imdb.com/M/title-exact?Bad%20Company%20(1995)
1179,9,2.111111111111111,Man of the House (1995),01-Jan-1995,http://us.imdb.com/M/title-exact?Man%20of%20the%20House%20(1995)
1393,9,2.111111111111111,Stag (1997),01-Jan-1997,http://us.imdb.com/M/title-exact?Stag+(1997)
1214,9,2.0,In the Realm of the Senses (Ai no corrida) (1976),08-Mar-1976,http://us.imdb.com/M/title-exact?Ai%20no%20Corrida%20(1976)
1437,9,2.0,House Party 3 (1994),01-Jan-1994,http://us.imdb.com/M/title-exact?House%20Party%203%20(1994)
1449,8,4.625,Pather Panchali (1955),22-Mar-1996,http://us.imdb.com/M/title-exact?Pather%20Panchali%20(1955)
1524,8,4.25,Kaspar Hauser (1993),07-Jun-1996,http://us.imdb.com/Title?Kaspar+Hauser+(1993)
1251,8,4.125,A Chef in Love (1996),25-Apr-1997,http://us.imdb.com/M/title-exact?Mille%20et%20une%20recettes%20du%20cuisinier%20amoureux%2C%20Les%20%281996%29
1262,8,3.625,Walking and Talking (1996),12-Jul-1996,http://us.imdb.com/M/title-exact?Walking%20and%20Talking%20(1996)
1202,8,3.5,"Maybe, Maybe Not (Bewegte Mann, Der) (1994)",19-Jul-1996,"http://us.imdb.com/M/title-exact?Bewegte%20Mann,%20Der%20(1994)"
970,8,3.25,Hear My Song (1991),01-Jan-1991,http://us.imdb.com/M/title-exact?Hear%20My%20Song%20(1991)
1174,8,3.25,Caught (1996),27-Sep-1996,http://us.imdb.com/M/title-exact?Caught%20(1996)
1381,8,3.25,Losing Chase (1996),01-Jan-1996,http://us.imdb.com/M/title-exact?Losing%20Chase%20%281996%29
1426,8,3.25,Grace of My Heart (1996),13-Sep-1996,http://us.imdb.com/M/title-exact?Grace%20of%20My%20Heart%20(1996)
1077,8,3.125,Love and a .45 (1994),01-Jan-1994,http://us.imdb.com/M/title-exact?Love%20and%20a%20.45%20(1994)
1238,8,3.125,Full Speed (1996),01-Jan-1996,http://us.imdb.com/M/title-exact?imdb-title-118230
918,8,3.0,City of Angels (1998),03-Apr-1998,http://us.imdb.com/Title?City+of+Angels+(1998)
1043,8,3.0,Rent-a-Kid (1995),01-Jan-1995,http://us.imdb.com/M/title-exact?Rent-a-Kid%20(1995)
1299,8,3.0,Penny Serenade (1941),01-Jan-1941,http://us.imdb.com/M/title-exact?Penny%20Serenade%20(1941)
1439,8,3.0,Jason's Lyric (1994),01-Jan-1994,http://us.imdb.com/M/title-exact?Jason's%20Lyric%20(1994)
804,8,2.875,Jimmy Hollywood (1994),01-Jan-1994,http://us.imdb.com/M/title-exact?Jimmy%20Hollywood%20(1994)
1475,8,2.875,Bhaji on the Beach (1993),01-Jan-1993,http://us.imdb.com/M/title-exact?Bhaji%20on%20the%20Beach%20(1993)
1081,8,2.75,Curdled (1996),27-Sep-1996,http://us.imdb.com/M/title-exact?Curdled%20(1996)
1413,8,2.75,Street Fighter (1994),01-Jan-1994,http://us.imdb.com/M/title-exact?Street%20Fighter%20(1994)
1479,8,2.75,Reckless (1995),01-Jan-1995,http://us.imdb.com/Title?Reckless+(1995/I)
1082,8,2.625,Female Perversions (1996),25-Apr-1997,http://us.imdb.com/M/title-exact?Female%20Perversions%20(1996)
1100,8,2.625,What Happened Was... (1994),01-Jan-1994,http://us.imdb.com/M/title-exact?What%20Happened%20Was...%20(1994)
1276,8,2.5,Sunset Park (1996),26-Apr-1996,http://us.imdb.com/M/title-exact?Sunset%20Park%20(1996)
1227,8,2.375,"Awfully Big Adventure, An (1995)",01-Jan-1995,"http://us.imdb.com/M/title-exact?Awfully%20Big%20Adventure,%20An%20(1995)"
1234,8,2.375,Chairman of the Board (1998),01-Jan-1998,http://us.imdb.com/Title?Chairman+of+the+Board+(1998)
37,8,2.25,Nadja (1994),01-Jan-1994,http://us.imdb.com/M/title-exact?Nadja%20(1994)
1003,8,2.25,That Darn Cat! (1997),14-Feb-1997,http://us.imdb.com/M/title-exact?That%20Darn%20Cat%20(1997)
1255,8,2.25,Broken English (1996),02-May-1997,http://us.imdb.com/M/title-exact?Broken%20English%20%281996%29
1002,8,1.875,"Pest, The (1997)",07-Feb-1997,"http://us.imdb.com/M/title-exact?Pest,%20The%20(1997)"
981,8,1.75,Dangerous Ground (1997),04-Sep-1996,http://us.imdb.com/M/title-exact?Dangerous%20Ground%20(1997)
1243,7,3.7142857142857144,Night Flier (1997),06-Feb-1998,http://us.imdb.com/M/title-exact?Night+Flier+(1997)
1456,7,3.7142857142857144,Beat the Devil (1954),01-Jan-1954,http://us.imdb.com/M/title-exact?Beat%20the%20Devil%20(1954)
1462,7,3.7142857142857144,"Thieves (Voleurs, Les) (1996)",25-Dec-1996,"http://us.imdb.com/M/title-exact?Voleurs,%20Les%20(1996)"
1459,7,3.5714285714285716,Madame Butterfly (1995),20-Sep-1996,http://us.imdb.com/M/title-exact?Madame%20Butterfly%20(1995)
1558,7,3.5714285714285716,Aparajito (1956),29-Mar-1996,http://us.imdb.com/M/title-exact?Aparajito%20(1956)
917,7,3.4285714285714284,Mercury Rising (1998),27-Mar-1998,http://us.imdb.com/Title?Mercury+Rising+(1998)
1075,7,3.4285714285714284,"Man of No Importance, A (1994)",01-Jan-1994,"http://us.imdb.com/M/title-exact?Man%20of%20No%20Importance,%20A%20(1994)"
1111,7,3.4285714285714284,Double Happiness (1994),01-Mar-1996,http://us.imdb.com/M/title-exact?Double%20Happiness%20(1994)
884,7,3.2857142857142856,Year of the Horse (1997),01-Jan-1997,http://us.imdb.com/M/title-exact?Year+of+the+Horse+(1997)
935,7,3.2857142857142856,Paradise Road (1997),18-Apr-1997,http://us.imdb.com/M/title-exact?Paradise%20Road%20%281997%29
1200,7,3.2857142857142856,Kim (1950),01-Jan-1950,http://us.imdb.com/M/title-exact?Kim%20(1950)
1264,7,3.2857142857142856,Nothing to Lose (1994),16-Aug-1996,http://us.imdb.com/M/title-exact?Nothing%20to%20Lose%20(1994)
1531,7,3.2857142857142856,Far From Home: The Adventures of Yellow Dog (1995),01-Jan-1995,http://us.imdb.com/M/title-exact?Far%20From%20Home:%20The%20Adventures%20of%20Yellow%20Dog%20(1995)
1198,7,3.142857142857143,Purple Noon (1960),28-Jun-1960,http://us.imdb.com/M/title-exact?Plein%20soleil%20(1960)
1294,7,3.142857142857143,Ayn Rand: A Sense of Life (1997),13-Feb-1998,http://us.imdb.com/Title?Ayn+Rand%3A+A+Sense+of+Life+(1997)
1514,7,3.142857142857143,Dream With the Fishes (1997),20-Jun-1997,http://us.imdb.com/M/title-exact?Dream+With+the+Fishes+(1997)
74,7,3.0,Faster Pussycat! Kill! Kill! (1965),01-Jan-1965,http://us.imdb.com/M/title-exact?Faster%20Pussycat!%20Kill!%20Kill!%20(1965)
1288,7,3.0,Denise Calls Up (1995),29-Mar-1996,http://us.imdb.com/M/title-exact?Denise%20Calls%20Up%20(1995)
1312,7,3.0,"Pompatus of Love, The (1996)",26-Jul-1996,"http://us.imdb.com/M/title-exact?Pompatus%20of%20Love,%20The%20(1996)"
1379,7,2.857142857142857,Love and Other Catastrophes (1996),28-Mar-1997,http://us.imdb.com/M/title-exact?Love%20and%20Other%20Catastrophes%20%281996%29
1409,7,2.857142857142857,"Swan Princess, The (1994)",01-Jan-1994,"http://us.imdb.com/M/title-exact?Swan%20Princess,%20The%20(1994)"
34,7,2.7142857142857144,"Doom Generation, The (1995)",01-Jan-1995,"http://us.imdb.com/M/title-exact?Doom%20Generation,%20The%20(1995)"
1271,7,2.7142857142857144,North (1994),01-Jan-1994,http://us.imdb.com/M/title-exact?North%20(1994)
1316,7,2.7142857142857144,"Horse Whisperer, The (1998)",25-Dec-1997,http://us.imdb.com/M/title-exact?imdb-title-119314
1173,7,2.5714285714285716,Bliss (1997),06-Jun-1997,http://us.imdb.com/M/title-exact?Bliss%20(1997)
1295,7,2.5714285714285716,Kicked in the Head (1997),01-Jan-1997,http://us.imdb.com/M/title-exact?Kicked+in+the+Head+(1997)
1435,7,2.5714285714285716,"Steal Big, Steal Little (1995)",01-Jan-1995,"http://us.imdb.com/M/title-exact?Steal%20Big,%20Steal%20Little%20(1995)"
1441,7,2.5714285714285716,Moonlight and Valentino (1995),01-Jan-1995,http://us.imdb.com/M/title-exact?Moonlight%20and%20Valentino%20(1995)
1072,7,2.4285714285714284,"Pyromaniac's Love Story, A (1995)",01-Jan-1995,"http://us.imdb.com/M/title-exact?Pyromaniac's%20Love%20Story,%20A%20(1995)"
1102,7,2.4285714285714284,Two Much (1996),01-Jan-1996,http://us.imdb.com/M/title-exact?Two%20Much%20(1996)
1253,7,2.4285714285714284,"Tie That Binds, The (1995)",01-Jan-1995,"http://us.imdb.com/M/title-exact?Tie%20That%20Binds,%20The%20(1995)"
1305,7,2.4285714285714284,National Lampoon's Senior Trip (1995),01-Jan-1995,http://us.imdb.com/M/title-exact?National%20Lampoon's%20Senior%20Trip%20(1995)
1394,7,2.4285714285714284,Swept from the Sea (1997),01-Jan-1997,http://us.imdb.com/M/title-exact?Swept+from+the+Sea+(1997)
1399,7,2.4285714285714284,Stranger in the House (1997),01-Jan-1997,http://us.imdb.com/M/title-exact?imdb-title-120222
1522,7,2.4285714285714284,Trial by Jury (1994),01-Jan-1994,http://us.imdb.com/M/title-exact?Trial%20by%20Jury%20(1994)
1527,7,2.4285714285714284,Senseless (1998),09-Jan-1998,http://us.imdb.com/M/title-exact?imdb-title-120820
994,7,2.2857142857142856,"Last Time I Committed Suicide, The (1997)",20-Jun-1997,http://us.imdb.com/M/title-exact?Last+Time+I+Committed+Suicide%2C+The+(1997)
1031,7,2.2857142857142856,Lassie (1994),01-Jan-1994,http://us.imdb.com/M/title-exact?Lassie%20(1994)
1270,7,2.2857142857142856,Life with Mikey (1993),01-Jan-1993,http://us.imdb.com/M/title-exact?Life%20with%20Mikey%20(1993)
1151,7,2.142857142857143,Original Gangstas (1996),10-May-1996,http://us.imdb.com/M/title-exact?Original%20Gangstas%20(1996)
1289,7,2.142857142857143,Jack and Sarah (1995),22-Mar-1996,http://us.imdb.com/M/title-exact?Jack%20and%20Sarah%20(1995)
1376,7,2.142857142857143,Meet Wally Sparks (1997),31-Jan-1997,http://us.imdb.com/M/title-exact?Meet%20Wally%20Sparks%20(1997)
1177,7,1.8571428571428572,Dunston Checks In (1996),01-Jan-1996,http://us.imdb.com/M/title-exact?Dunston%20Checks%20In%20(1996)
1246,7,1.5714285714285714,Bushwhacked (1995),01-Jan-1995,http://us.imdb.com/Title?Bushwhacked+(1995/I)
867,6,4.0,"Whole Wide World, The (1996)",25-Dec-1996,"http://us.imdb.com/M/title-exact?Whole%20Wide%20World,%20The%20(1996)"
1466,6,4.0,Margaret's Museum (1995),01-Jan-1995,http://us.imdb.com/M/title-exact?Margaret's%20Museum%20(1995)
1512,6,4.0,"World of Apu, The (Apur Sansar) (1959)",05-Apr-1996,http://us.imdb.com/M/title-exact?Apur%20Sansar%20(1959)
1368,6,3.6666666666666665,Mina Tannenbaum (1994),01-Jan-1994,http://us.imdb.com/M/title-exact?Mina%20Tannenbaum%20(1994)
1233,6,3.5,Nénette et Boni (1996),01-Jan-1996,http://us.imdb.com/Title?N%E9nette+et+Boni+(1996)
1237,6,3.5,Twisted (1996),01-Jan-1996,http://us.imdb.com/M/title-exact?imdb-title-117994
296,6,3.3333333333333335,"Promesse, La (1996)",16-May-1997,http://us.imdb.com/M/title-exact?Promesse%2C%20La%20%281996%29
1326,6,3.3333333333333335,Boys (1996),10-May-1996,http://us.imdb.com/M/title-exact?Boys%20(1996)
1388,6,3.3333333333333335,Gabbeh (1996),27-Jun-1997,http://us.imdb.com/M/title-exact?Gabbeh+(1996)
1405,6,3.3333333333333335,Boy's Life 2 (1997),07-Mar-1997,http://us.imdb.com/M/title-exact?Boy%27s%20Life%202%20(1997)
1468,6,3.3333333333333335,"Cure, The (1995)",01-Jan-1995,"http://us.imdb.com/M/title-exact?Cure,%20The%20(1995)"
927,6,3.1666666666666665,"Flower of My Secret, The (Flor de mi secreto, La) (1995)",08-Mar-1996,"http://us.imdb.com/M/title-exact?Flor%20de%20mi%20secreto,%20La%20(1995)"
1328,6,3.1666666666666665,Of Love and Shadows (1994),10-May-1996,http://us.imdb.com/M/title-exact?Of%20Love%20and%20Shadows%20(1994)
1591,6,3.1666666666666665,Duoluo tianshi (1995),21-Jan-1998,http://us.imdb.com/M/title-exact?imdb-title-112913
1205,6,3.0,"Secret Agent, The (1996)",08-Nov-1996,"http://us.imdb.com/M/title-exact?Secret%20Agent,%20The%20(1996)"
1216,6,3.0,Kissed (1996),18-Apr-1997,http://us.imdb.com/M/title-exact?Kissed%20%281996%29
1454,6,3.0,Angel and the Badman (1947),01-Jan-1947,http://us.imdb.com/M/title-exact?Angel%20and%20the%20Badman%20(1947)
1212,6,2.8333333333333335,Flesh and Bone (1993),01-Jan-1993,http://us.imdb.com/M/title-exact?Flesh%20and%20Bone%20(1993)
1474,6,2.8333333333333335,Nina Takes a Lover (1994),01-Jan-1994,http://us.imdb.com/M/title-exact?Nina%20Takes%20a%20Lover%20(1994)
706,6,2.6666666666666665,Bad Moon (1996),01-Nov-1996,http://us.imdb.com/M/title-exact?Bad%20Moon%20(1996)
891,6,2.6666666666666665,Bent (1997),18-Dec-1997,http://us.imdb.com/M/title-exact?imdb-title-118698
1241,6,2.6666666666666665,"Van, The (1996)",27-Jun-1997,http://us.imdb.com/M/title-exact?Van%2C%20The%20(1996)
1355,6,2.6666666666666665,Infinity (1996),04-Oct-1996,http://us.imdb.com/M/title-exact?Infinity%20(1996)
1386,6,2.6666666666666665,Tetsuo II: Body Hammer (1992),20-Jun-1997,http://us.imdb.com/M/title-exact?Tetsuo+II%3A+Body+Hammer+(1992)
1083,6,2.5,Albino Alligator (1996),17-Jan-1997,http://us.imdb.com/M/title-exact?Albino%20Alligator%20(1996)
1598,6,2.5,City of Industry (1997),14-Mar-1997,http://us.imdb.com/M/title-exact?City%20of%20Industry%20(1997)
1322,6,2.3333333333333335,Metisse (Café au Lait) (1993),01-Jan-1993,http://us.imdb.com/Title?M%E9tisse+(1993)
1380,6,2.3333333333333335,Hollow Reed (1996),02-May-1997,http://us.imdb.com/Title?Hollow+Reed+(1996)
1395,6,2.3333333333333335,Hurricane Streets (1998),01-Jan-1998,http://us.imdb.com/Title?Hurricane+Streets+(1998)
668,6,2.1666666666666665,Blood Beach (1981),01-Jan-1981,http://us.imdb.com/M/title-exact?Blood%20Beach%20(1981)
1164,6,2.1666666666666665,Zeus and Roxanne (1997),10-Jan-1997,http://us.imdb.com/M/title-exact?Zeus%20and%20Roxanne%20(1997)
1213,6,2.1666666666666665,Guilty as Sin (1993),01-Jan-1993,http://us.imdb.com/M/title-exact?Guilty%20as%20Sin%20(1993)
1534,6,2.1666666666666665,Twin Town (1997),30-May-1997,http://us.imdb.com/M/title-exact?Twin%20Town%20%281997%29
1383,6,2.0,"Second Jungle Book: Mowgli & Baloo, The (1997)",16-May-1997,http://us.imdb.com/M/title-exact?Second%20Jungle%20Book%3A%20Mowgli%20%26%20Baloo%2C%20The%20%281997%29
1247,6,1.8333333333333333,Bad Girls (1994),01-Jan-1994,http://us.imdb.com/Title?Bad+Girls+(1994/I)
1412,6,1.6666666666666667,Land Before Time III: The Time of the Great Giving (1995) (V),01-Jan-1995,http://us.imdb.com/M/title-exact?Land%20Before%20Time%20III%3A%20The%20Time%20of%20the%20Great%20Giving%20%281995%29%20%28V%29
1250,6,1.5,Best of the Best 3: No Turning Back (1995),01-Jan-1995,http://us.imdb.com/M/title-exact?Best%20of%20the%20Best%203:%20No%20Turning%20Back%20(1995)
1287,6,1.3333333333333333,Ed (1996),08-Mar-1996,http://us.imdb.com/M/title-exact?Ed%20(1996)
438,6,1.1666666666666667,Amityville 3-D (1983),01-Jan-1983,http://us.imdb.com/M/title-exact?Amityville%203-D%20(1983)
1367,5,4.2,Faust (1994),01-Jan-1994,http://us.imdb.com/M/title-exact?Faust%20%281994%29
1396,5,4.2,Stonewall (1995),26-Jul-1996,http://us.imdb.com/M/title-exact?Stonewall%20(1995)
868,5,3.8,Hearts and Minds (1996),10-Jan-1997,http://us.imdb.com/M/title-exact?Hearts%20and%20Minds%20(1996)
1301,5,3.8,Stripes (1981),01-Jan-1981,http://us.imdb.com/M/title-exact?Stripes+(1981)
1495,5,3.6,Flirt (1995),07-Aug-1996,http://us.imdb.com/Title?Flirt+(1995/I)
1592,5,3.6,"Magic Hour, The (1998)",30-Jan-1998,http://us.imdb.com/M/title-exact?imdb-title-119594
1138,5,3.4,Best Men (1997),01-Sep-1997,http://us.imdb.com/M/title-exact/Independence%20(1997)
1175,5,3.4,Hugo Pool (1997),01-Jan-1997,http://us.imdb.com/M/title-exact?Hugo+Pool+(1997)
1302,5,3.4,Late Bloomers (1996),06-Jun-1997,http://us.imdb.com/M/title-exact?Late%20Bloomers%20%281996%29
1406,5,3.4,When Night Is Falling (1995),01-Jan-1995,http://us.imdb.com/M/title-exact?When%20Night%20is%20Falling%20(1995)
1431,5,3.4,Legal Deceit (1997),01-Jan-1997,http://us.imdb.com/Title?Legal+Deceit+(1997)
799,5,3.2,Boys Life (1995),01-Jan-1995,http://us.imdb.com/M/title-exact?Boys%20Life%20(1995)
1344,5,3.2,"Story of Xinghua, The (1993)",01-Jan-1993,"http://us.imdb.com/M/title-exact?Story%20of%20Xinghua,%20The%20(1993)"
1397,5,3.2,Of Human Bondage (1934),01-Jan-1934,http://us.imdb.com/M/title-exact?Of%20Human%20Bondage%20(1934)
1511,5,3.2,Children of the Revolution (1996),01-May-1997,http://us.imdb.com/M/title-exact?Children%20of%20the%20Revolution%20%281996%29
75,5,3.0,Brother Minister: The Assassination of Malcolm X (1994),01-Jan-1994,http://us.imdb.com/M/title-exact?Brother%20Minister:%20The%20Assassination%20of%20Malcolm%20X%20(1994)
1440,5,3.0,Above the Rim (1994),01-Jan-1994,http://us.imdb.com/M/title-exact?Above%20the%20Rim%20(1994)
1501,5,3.0,Prisoner of the Mountains (Kavkazsky Plennik) (1996),31-Jan-1997,http://us.imdb.com/M/title-exact?Kavkazsky%20Plennik%20(1996)
1597,5,3.0,Romper Stomper (1992),01-Jan-1992,http://us.imdb.com/M/title-exact?Romper%20Stomper%20(1992)
1333,5,2.8,Midnight Dancers (Sibak) (1994),01-Jan-1994,http://us.imdb.com/M/title-exact?Sibak%20(1994)
1385,5,2.8,Roseanna's Grave (For Roseanna) (1997),20-Jun-1997,http://us.imdb.com/M/title-exact?Roseanna%27s+Grave+(1997)
1427,5,2.8,Drunks (1995),01-Nov-1996,http://us.imdb.com/M/title-exact?Drunks%20(1995)
1496,5,2.8,Carpool (1996),23-Aug-1996,http://us.imdb.com/M/title-exact?Carpool%20(1996)
1517,5,2.8,Race the Sun (1996),01-Jan-1996,http://us.imdb.com/M/title-exact?Race%20the%20Sun%20(1996)
1529,5,2.8,Underground (1995),29-Mar-1996,http://us.imdb.com/M/title-exact?Underground%20(1995)
1242,5,2.6,"Old Lady Who Walked in the Sea, The (Vieille qui marchait dans la mer, La) (1991)",01-Jan-1991,"http://us.imdb.com/M/title-exact?Vieille%20qui%20marchait%20dans%20la%20mer,%20La%20(1991)"
1353,5,2.6,1-900 (1994),01-Jan-1994,http://us.imdb.com/M/title-exact?06%20(1994)
1470,5,2.6,Gumby: The Movie (1995),01-Jan-1995,http://us.imdb.com/M/title-exact?Gumby:%20The%20Movie%20(1995)
1555,5,2.6,"Secret Adventures of Tom Thumb, The (1993)",01-Jan-1993,"http://us.imdb.com/M/title-exact?Secret%20Adventures%20of%20Tom%20Thumb,%20The%20(1993)"
594,5,2.4,Heavy (1995),05-Jun-1996,http://us.imdb.com/M/title-exact?Heavy%20(1995)
666,5,2.4,Blood For Dracula (Andy Warhol's Dracula) (1974),01-Jan-1974,http://us.imdb.com/M/title-exact?Andy%20Warhol's%20Dracula%20(1974)
1108,5,2.4,Feast of July (1995),01-Jan-1995,http://us.imdb.com/M/title-exact?Feast%20of%20July%20(1995)
1324,5,2.4,Loaded (1994),12-Apr-1996,http://us.imdb.com/M/title-exact?Loaded%20(1994)
1346,5,2.4,Dingo (1992),01-Jan-1992,http://us.imdb.com/M/title-exact?Dingo%20(1992)
1416,5,2.4,No Escape (1994),01-Jan-1994,http://us.imdb.com/M/title-exact?No%20Escape%20(1994)
1438,5,2.4,Panther (1995),01-Jan-1995,http://us.imdb.com/M/title-exact?Panther%20(1995)
1442,5,2.4,"Scarlet Letter, The (1995)",01-Jan-1995,"http://us.imdb.com/M/title-exact?Scarlet%20Letter,%20The%20(1995)"
920,5,2.2,Two Bits (1995),01-Jan-1995,http://us.imdb.com/M/title-exact?Two%20Bits%20(1995)
1378,5,2.2,Rhyme & Reason (1997),05-Mar-1997,http://us.imdb.com/M/title-exact?Rhyme%20%26%20Reason%20(1997)
1489,5,2.2,Chasers (1994),01-Jan-1994,http://us.imdb.com/M/title-exact?Chasers%20(1994)
1392,5,2.0,"Locusts, The (1997)",01-Jan-1997,http://us.imdb.com/M/title-exact?Locusts%2C+The+(1997)
1487,5,2.0,Even Cowgirls Get the Blues (1993),01-Jan-1993,http://us.imdb.com/M/title-exact?Even%20Cowgirls%20Get%20the%20Blues%20(1993)
1530,5,2.0,Jefferson in Paris (1995),01-Jan-1995,http://us.imdb.com/M/title-exact?Jefferson%20in%20Paris%20(1995)
247,5,1.8,Turbo: A Power Rangers Movie (1997),28-Mar-1997,http://us.imdb.com/M/title-exact?Turbo%3A%20A%20Power%20Rangers%20Movie%20%281997%29
1272,5,1.8,Talking About Sex (1994),01-Jan-1994,http://us.imdb.com/M/title-exact?Talking%20About%20Sex%20(1994)
1162,5,1.6,Phat Beach (1996),02-Aug-1996,http://us.imdb.com/M/title-exact?Phat%20Beach%20(1996)
1509,5,1.6,Getting Even with Dad (1994),01-Jan-1994,http://us.imdb.com/M/title-exact?Getting%20Even%20with%20Dad%20(1994)
104,5,1.4,Theodore Rex (1995),29-Mar-1996,http://us.imdb.com/M/title-exact?Theodore%20Rex%20(1995)
314,5,1.0,3 Ninjas: High Noon At Mega Mountain (1998),01-Jan-1997,http://us.imdb.com/M/title-exact?imdb-title-118539
437,5,1.0,Amityville 1992: It's About Time (1992),01-Jan-1992,http://us.imdb.com/M/title-exact?Amityville%201992:%20It's%20About%20Time%20(1992)
439,5,1.0,Amityville: A New Generation (1993),01-Jan-1993,http://us.imdb.com/M/title-exact?Amityville:%20A%20New%20Generation%20(1993)
119,4,4.5,Maya Lin: A Strong Clear Vision (1994),01-Jan-1994,http://us.imdb.com/M/title-exact?Maya%20Lin:%20A%20Strong%20Clear%20Vision%20(1994)
1064,4,4.25,Crossfire (1947),01-Jan-1947,http://us.imdb.com/M/title-exact?Crossfire%20(1947)
1125,4,4.25,"Innocents, The (1961)",01-Jan-1961,"http://us.imdb.com/M/title-exact?Innocents,%20The%20(1961)"
850,4,4.0,"Perfect Candidate, A (1996)",27-Sep-1996,"http://us.imdb.com/M/title-exact?Perfect%20Candidate,%20A%20(1996)"
1158,4,4.0,"Fille seule, La (A Single Girl) (1995)",30-Oct-1996,"http://us.imdb.com/M/title-exact?Fille%20seule,%20La%20(1995)"
1537,4,4.0,Cosi (1996),11-Apr-1997,http://us.imdb.com/M/title-exact?Cosi%20(1996)
851,4,3.75,Two or Three Things I Know About Her (1966),01-Jan-1966,http://us.imdb.com/M/title-exact?Deux%20ou%20trois%20choses%20que%20je%20sais%20d'elle%20(1966)
1443,4,3.75,8 Seconds (1994),01-Jan-1994,http://us.imdb.com/M/title-exact?8%20Seconds%20(1994)
1600,4,3.75,Guantanamera (1994),16-May-1997,http://us.imdb.com/M/title-exact?Guantanamera%20(1994)
1612,4,3.75,"Leading Man, The (1996)",16-Jan-1998,http://us.imdb.com/M/title-exact?imdb-title-116845
1628,4,3.75,Lamerica (1994),01-Jan-1994,http://us.imdb.com/M/title-exact?Lamerica%20(1994)
1643,4,3.75,Angel Baby (1995),10-Jan-1997,http://us.imdb.com/Title?Angel+Baby+(1995/I)
973,4,3.5,Grateful Dead (1995),18-Oct-1996,http://us.imdb.com/M/title-exact?Grateful%20Dead%20(1995)
1223,4,3.5,King of the Hill (1993),01-Jan-1993,http://us.imdb.com/M/title-exact?King%20of%20the%20Hill%20(1993)
1485,4,3.5,"Colonel Chabert, Le (1994)",01-Jan-1994,"http://us.imdb.com/M/title-exact?Colonel%20Chabert,%20Le%20(1994)"
626,4,3.25,So Dear to My Heart (1949),01-Jan-1949,http://us.imdb.com/Title?So+Dear+to+My+Heart+(1949)
1261,4,3.25,"Run of the Country, The (1995)",01-Jan-1995,"http://us.imdb.com/M/title-exact?Run%20of%20the%20Country,%20The%20(1995)"
1377,4,3.25,Hotel de Love (1996),07-Feb-1997,http://us.imdb.com/M/title-exact?Hotel%20de%20Love%20(1996)
1499,4,3.25,Grosse Fatigue (1994),01-Jan-1994,http://us.imdb.com/M/title-exact?Grosse%20fatigue%20(1994)
1664,4,3.25,8 Heads in a Duffel Bag (1997),18-Apr-1997,http://us.imdb.com/Title?8+Heads+in+a+Duffel+Bag+(1997)
643,4,3.0,The Innocent (1994),01-Jan-1994,"http://us.imdb.com/M/title-exact?Innocent,%20The%20(1994)%20(TV)"
822,4,3.0,Faces (1968),01-Jan-1968,http://us.imdb.com/M/title-exact?Faces%20(1968)
992,4,3.0,Head Above Water (1996),20-Jun-1997,http://us.imdb.com/M/title-exact?Head+Above+Water+(1996)
1104,4,3.0,C'est arrivé près de chez vous (1992),01-Jan-1992,http://us.imdb.com/M/title-exact?C%27est%20arriv%E9%20pr%E8s%20de%20chez%20vous%20%281992%29
1106,4,3.0,"Newton Boys, The (1998)",14-Mar-1998,"http://us.imdb.com/Title?Newton+Boys,+The+(1998)"
1331,4,3.0,"Last Klezmer: Leopold Kozlowski, His Life and Music, The (1995)",01-Jan-1995,http://us.imdb.com/M/title-exact?Last%20Klezmer%3A%20Leopold%20Kozlowski%2C%20His%20Life%20and%20Music%2C%20The%20%281995%29
1488,4,3.0,Germinal (1993),01-Jan-1993,http://us.imdb.com/M/title-exact?Germinal%20(1993)
1521,4,3.0,Mr. Wonderful (1993),01-Jan-1993,http://us.imdb.com/M/title-exact?Mr.%20Wonderful%20(1993)
1535,4,3.0,"Enfer, L' (1994)",01-Jan-1994,"http://us.imdb.com/M/title-exact?Enfer,%20L'%20(1994)"
1589,4,3.0,Schizopolis (1996),23-May-1997,http://us.imdb.com/Title?Schizopolis+(1996)
1605,4,3.0,Love Serenade (1996),11-Jul-1997,http://us.imdb.com/M/title-exact?Love+Serenade+(1996)
757,4,2.75,Across the Sea of Time (1995),01-Jan-1995,http://us.imdb.com/M/title-exact?Across%20The%20Sea%20of%20Time%20(1995)
838,4,2.75,In the Line of Duty 2 (1987),30-Aug-1996,http://us.imdb.com/M/title-exact?In%20the%20Line%20of%20Duty%202%20(1987)
1260,4,2.75,Total Eclipse (1995),01-Jan-1995,http://us.imdb.com/M/title-exact?Total%20Eclipse%20(1995)
1347,4,2.75,"Ballad of Narayama, The (Narayama Bushiko) (1958)",01-Jan-1958,http://us.imdb.com/M/title-exact?Narayama%20Bushiko%20%281958%29
1369,4,2.75,"Forbidden Christ, The (Cristo proibito, Il) (1950)",01-Jan-1950,http://us.imdb.com/M/title-exact?Cristo%20proibito%2C%20Il%20%281950%29
1402,4,2.75,"Ciao, Professore! (1993)",01-Jan-1993,http://us.imdb.com/M/title-exact?Io%20speriamo%20che%20me%20la%20cavo%20(1993)
1403,4,2.75,Caro Diario (Dear Diary) (1994),01-Jan-1994,http://us.imdb.com/M/title-exact?Caro%20diario%20(1994)
1410,4,2.75,Harlem (1993),01-Jan-1993,http://us.imdb.com/M/title-exact?Harlem%20(1993)
1429,4,2.75,Sliding Doors (1998),01-Jan-1998,http://us.imdb.com/Title?Sliding+Doors+(1998)
1445,4,2.75,Ladybird Ladybird (1994),01-Jan-1994,http://us.imdb.com/M/title-exact?Ladybird%20Ladybird%20(1994)
1553,4,2.75,"Underneath, The (1995)",01-Jan-1995,"http://us.imdb.com/M/title-exact?Underneath,%20The%20(1995)"
1560,4,2.75,Clean Slate (Coup de Torchon) (1981),01-Jan-1981,http://us.imdb.com/M/title-exact?Coup%20de%20torchon%20(1981)
839,4,2.5,Loch Ness (1995),01-Jan-1995,http://us.imdb.com/M/title-exact?Loch%20Ness%20(1995)
911,4,2.5,Twilight (1998),30-Jan-1998,http://us.imdb.com/M/title-exact?imdb-title-119594
987,4,2.5,Underworld (1997),09-May-1997,http://us.imdb.com/M/title-exact?Underworld%20(1997)
1026,4,2.5,"Lay of the Land, The (1997)",01-Jan-1997,http://us.imdb.com/M/title-exact?Lay+of+the+Land%2C+The+(1997)
1275,4,2.5,Killer (Bulletproof Heart) (1994),01-Jan-1994,http://us.imdb.com/M/title-exact?Killer%20(1994)
1330,4,2.5,An Unforgettable Summer (1994),01-Jan-1994,http://us.imdb.com/Title?Un+%E9t%E9+inoubliable+(1994)
1545,4,2.5,Frankie Starlight (1995),01-Jan-1995,http://us.imdb.com/M/title-exact?Frankie%20Starlight%20(1995)
598,4,2.25,"Big Squeeze, The (1996)",06-Sep-1996,"http://us.imdb.com/M/title-exact?Big%20Squeeze,%20The%20(1996)"
1338,4,2.25,Two Deaths (1995),09-Aug-1996,http://us.imdb.com/Title?Two+Deaths+(1995)
1422,4,2.25,Suture (1993),01-Jan-1993,http://us.imdb.com/M/title-exact?Suture%20(1993)
1423,4,2.25,"Walking Dead, The (1995)",01-Jan-1995,"http://us.imdb.com/M/title-exact?Walking%20Dead,%20The%20(1995)"
1608,4,2.25,Buddy (1997),06-Jun-1997,http://us.imdb.com/M/title-exact?Buddy%20%281997%29
910,4,2.0,Nil By Mouth (1997),06-Feb-1998,http://us.imdb.com/Title?Nil+By+Mouth+(1997)
1259,4,2.0,Pie in the Sky (1995),09-Feb-1996,http://us.imdb.com/M/title-exact?Pie%20in%20the%20Sky%20(1995)
1317,4,2.0,"Journey of August King, The (1995)",22-Mar-1996,"http://us.imdb.com/M/title-exact?Journey%20of%20August%20King,%20The%20(1995)"
1382,4,2.0,"Bonheur, Le (1965)",16-May-1997,http://us.imdb.com/M/title-exact?Bonheur%2C%20Le%20%281965%29
1257,4,1.75,"Designated Mourner, The (1997)",23-May-1997,http://us.imdb.com/M/title-exact?Designated%20Mourner%2C%20The%20%281997%29
1319,4,1.75,"Neon Bible, The (1995)",01-Mar-1996,"http://us.imdb.com/M/title-exact?Neon%20Bible,%20The%20(1995)"
1539,4,1.75,Being Human (1993),01-Jan-1993,http://us.imdb.com/M/title-exact?Being%20Human%20(1993)
442,4,1.25,"Amityville Curse, The (1990)",01-Jan-1990,"http://us.imdb.com/M/title-exact?Amityville%20Curse,%20The%20(1990)"
777,4,1.25,Castle Freak (1995),01-Jan-1995,http://us.imdb.com/M/title-exact?Castle%20Freak%20(1995)
1189,3,5.0,Prefontaine (1997),24-Jan-1997,http://us.imdb.com/M/title-exact?Prefontaine%20(1997)
1293,3,5.0,Star Kid (1997),16-Jan-1998,http://us.imdb.com/M/title-exact?imdb-title-120478
1191,3,4.333333333333333,"Letter From Death Row, A (1998)",01-Feb-1998,http://us.imdb.com/M/title-exact?Letter+From+Death+Row%2C+A+(1998)
1639,3,4.333333333333333,Bitter Sugar (Azucar Amargo) (1996),22-Nov-1996,http://us.imdb.com/M/title-exact?Bitter%20Sugar%20(1996)
1516,3,4.0,"Wedding Gift, The (1994)",01-Jan-1994,"http://us.imdb.com/M/title-exact?Wedding%20Gift,%20The%20(1994)%20(TV)"
1623,3,4.0,"Cérémonie, La (1995)",20-Dec-1996,http://us.imdb.com/M/title-exact?C%E9r%E9monie%2C%20La%20%281995%29
1123,3,3.6666666666666665,"Last Time I Saw Paris, The (1954)",01-Jan-1954,"http://us.imdb.com/M/title-exact?Last%20Time%20I%20Saw%20Paris,%20The%20(1954)"
1144,3,3.6666666666666665,"Quiet Room, The (1996)",02-May-1997,http://us.imdb.com/M/title-exact?Quiet%20Room%2C%20The%20(1996)
1418,3,3.6666666666666665,"Joy Luck Club, The (1993)",01-Jan-1993,http://us.imdb.com/M/title-exact?Joy+Luck+Club%2C+The+(1993)
1448,3,3.6666666666666665,My Favorite Season (1993),19-Apr-1996,http://us.imdb.com/Title?Ma+saison+pr%E9f%E9r%E9e+(1993)
1504,3,3.6666666666666665,"Bewegte Mann, Der (1994)",12-Jul-1996,http://us.imdb.com/M/title-exact?Bewegte%20Mann%2C%20Der%20%281994%29
1506,3,3.6666666666666665,Nelly & Monsieur Arnaud (1995),12-Apr-1996,http://us.imdb.com/M/title-exact?Nelly%20%26%20Monsieur%20Arnaud%20%281995%29
1155,3,3.3333333333333335,"Rendezvous in Paris (Rendez-vous de Paris, Les) (1995)",28-Jun-1996,"http://us.imdb.com/M/title-exact?Rendez-vous%20de%20Paris,%20Les%20(1995)"
1186,3,3.3333333333333335,"Inkwell, The (1994)",01-Jan-1994,"http://us.imdb.com/M/title-exact?Inkwell,%20The%20(1994)"
1463,3,3.3333333333333335,"Boys, Les (1997)",01-Jan-1997,http://us.imdb.com/M/title-exact?imdb-title-118764
1602,3,3.3333333333333335,"Price Above Rubies, A (1998)",20-Mar-1998,"http://us.imdb.com/Title?Price+Above+Rubies,+A+(1998)"
1607,3,3.3333333333333335,Hurricane Streets (1998),01-Jan-1998,http://us.imdb.com/Title?Hurricane+Streets+(1998)
1196,3,3.0,"Savage Nights (Nuits fauves, Les) (1992)",01-Jan-1992,"http://us.imdb.com/M/title-exact?Nuits%20fauves,%20Les%20(1992)"
1372,3,3.0,"Stranger, The (1994)",01-Jan-1994,"http://us.imdb.com/Title?Stranger,+The+(1994/II)"
1389,3,3.0,Mondo (1996),27-Jun-1997,http://us.imdb.com/M/title-exact?Mondo+(1996)
1490,3,3.0,Fausto (1993),01-Jan-1993,http://us.imdb.com/M/title-exact?Fausto%20%281993%29
1538,3,3.0,All Over Me (1997),25-Apr-1997,http://us.imdb.com/M/title-exact?All%20Over%20Me%20%281997%29
1658,3,3.0,"Substance of Fire, The (1996)",06-Dec-1996,"http://us.imdb.com/M/title-exact?Substance%20of%20Fire,%20The%20(1996)"
817,3,2.6666666666666665,Frisk (1995),29-Mar-1996,http://us.imdb.com/M/title-exact?Frisk%20(1995)
1027,3,2.6666666666666665,"Shooter, The (1995)",01-Jan-1995,"http://us.imdb.com/M/title-exact?Shooter,%20The%20(1995)"
1096,3,2.6666666666666665,Commandments (1997),02-May-1997,http://us.imdb.com/Title?Commandments+(1997)
1323,3,2.6666666666666665,"Wooden Man's Bride, The (Wu Kui) (1994)",01-Jan-1994,http://us.imdb.com/M/title-exact?Wu%20Kui%20(1994)
1356,3,2.6666666666666665,Ed's Next Move (1996),04-Oct-1996,http://us.imdb.com/M/title-exact?Ed%27s%20Next%20Move%20%281996%29
1357,3,2.6666666666666665,For the Moment (1994),01-Jan-1994,http://us.imdb.com/M/title-exact?For%20the%20Moment%20(1994)
1361,3,2.6666666666666665,"Search for One-eye Jimmy, The (1996)",01-Jan-1996,"http://us.imdb.com/M/title-exact?Search%20for%20One-eye%20Jimmy,%20The%20(1996)"
1370,3,2.6666666666666665,I Can't Sleep (J'ai pas sommeil) (1994),01-Jan-1994,http://us.imdb.com/M/title-exact?J'ai%20pas%20sommeil%20(1994)
1484,3,2.6666666666666665,"Jerky Boys, The (1994)",01-Jan-1994,"http://us.imdb.com/M/title-exact?Jerky%20Boys,%20The%20(1994)"
1544,3,2.6666666666666665,It Takes Two (1995),01-Jan-1995,http://us.imdb.com/M/title-exact?It%20Takes%20Two%20(1995)
861,3,2.3333333333333335,Nosferatu a Venezia (1986),01-Jan-1986,http://us.imdb.com/M/title-exact?Nosferatu%20a%20Venezia%20(1986)
1327,3,2.3333333333333335,Captives (1994),16-Sep-1994,http://us.imdb.com/Title?Captives+(1994)
1424,3,2.3333333333333335,I Like It Like That (1994),01-Jan-1994,http://us.imdb.com/M/title-exact?I%20Like%20It%20Like%20That%20(1994)
1430,3,2.3333333333333335,Ill Gotten Gains (1997),01-Jan-1997,http://us.imdb.com/M/title-exact?imdb-title-119352
1464,3,2.3333333333333335,"Stars Fell on Henrietta, The (1995)",01-Jan-1995,"http://us.imdb.com/Title?Stars+Fell+on+Henrietta,+The+(1995)"
1465,3,2.3333333333333335,Last Summer in the Hamptons (1995),01-Jan-1995,http://us.imdb.com/M/title-exact?Last%20Summer%20in%20the%20Hamptons%20(1995)
1508,3,2.3333333333333335,"Babysitter, The (1995)",01-Jan-1995,"http://us.imdb.com/M/title-exact?Babysitter,%20The%20(1995)"
1528,3,2.3333333333333335,Nowhere (1997),09-May-1997,http://us.imdb.com/M/title-exact?Nowhere%20%281997%29
1622,3,2.3333333333333335,"Paris, France (1993)",01-Jan-1993,"http://us.imdb.com/M/title-exact?Paris,%20France%20(1993)"
1146,3,2.0,Calendar Girl (1993),01-Jan-1993,http://us.imdb.com/M/title-exact?Calendar%20Girl%20(1993)
1256,3,2.0,"Designated Mourner, The (1997)",23-May-1997,http://us.imdb.com/M/title-exact?Designated%20Mourner%2C%20The%20%281997%29
1351,3,2.0,Lover's Knot (1996),12-Jul-1996,http://us.imdb.com/M/title-exact?Lover's%20Knot%20(1996)
1387,3,2.0,Fall (1997),27-Jun-1997,http://us.imdb.com/M/title-exact?Fall+(1997)
1391,3,2.0,For Ever Mozart (1996),04-Jul-1997,http://us.imdb.com/M/title-exact?For+Ever+Mozart+(1996)
1513,3,2.0,Sprung (1997),14-May-1997,http://us.imdb.com/M/title-exact?Sprung%20%281997%29
1552,3,2.0,"Hunted, The (1995)",01-Jan-1995,"http://us.imdb.com/M/title-exact?Hunted,%20The%20(1995)"
1610,3,2.0,"Truth or Consequences, N.M. (1997)",02-May-1997,"http://us.imdb.com/Title?Truth+or+Consequences,+N.M.+(1997)"
788,3,1.6666666666666667,Relative Fear (1994),01-Jan-1994,http://us.imdb.com/M/title-exact?Relative%20Fear%20(1994)
1292,3,1.6666666666666667,"Simple Wish, A (1997)",11-Jul-1997,http://us.imdb.com/M/title-exact?Simple+Wish%2C+A+(1997)
1384,3,1.6666666666666667,Squeeze (1996),13-Jun-1997,http://us.imdb.com/M/title-exact?Squeeze%20%281996%29
1609,3,1.6666666666666667,B*A*P*S (1997),28-Mar-1997,http://us.imdb.com/M/title-exact?B%2EA%2EP%2ES%2E%20(1997)
1652,3,1.6666666666666667,Temptress Moon (Feng Yue) (1996),13-Jun-1997,http://us.imdb.com/M/title-exact?Feng%20Yue%20%281996%29
1318,3,1.3333333333333333,Catwalk (1995),07-Jun-1996,http://us.imdb.com/Title?Catwalk+(1995/I)
1420,3,1.3333333333333333,Gilligan's Island: The Movie (1998),01-Jan-1997,http://us.imdb.com/M/title-exact?imdb-title-119195
858,3,1.0,Amityville: Dollhouse (1996),01-Jan-1996,http://us.imdb.com/M/title-exact?Amityville:%20Dollhouse%20(1996)
1408,3,1.0,Gordy (1995),01-Jan-1995,http://us.imdb.com/M/title-exact?Gordy%20(1995)
1432,3,1.0,"Mighty, The (1998)",09-Oct-1998,"http://us.imdb.com/Title?Mighty,+The+(1998)"
1467,2,5.0,"Saint of Fort Washington, The (1993)",01-Jan-1993,"http://us.imdb.com/M/title-exact?Saint%20of%20Fort%20Washington,%20The%20(1993)"
1500,2,5.0,Santa with Muscles (1996),08-Nov-1996,http://us.imdb.com/M/title-exact?Santa%20with%20Muscles%20(1996)
1398,2,4.5,Anna (1996),13-Nov-1996,http://us.imdb.com/M/title-exact?Anna%20(1996)
1594,2,4.5,Everest (1998),10-Mar-1998,http://us.imdb.com/Title?Everest+(1998)
1642,2,4.5,Some Mother's Son (1996),27-Dec-1996,http://us.imdb.com/M/title-exact?Some%20Mother's%20Son%20(1996)
1080,2,4.0,Celestial Clockwork (1994),12-Jul-1996,http://us.imdb.com/Title?Cort%E1zar+(1994)
1450,2,4.0,Golden Earrings (1947),01-Jan-1947,http://us.imdb.com/M/title-exact?Golden%20Earrings%20%281947%29
1629,2,4.0,Nico Icon (1995),01-Jan-1995,http://us.imdb.com/M/title-exact?Nico%20Icon%20(1995)
1472,2,3.5,"Visitors, The (Visiteurs, Les) (1993)",19-Jul-1996,"http://us.imdb.com/M/title-exact?Visiteurs,%20Les%20(1993)"
1541,2,3.5,"Beans of Egypt, Maine, The (1994)",01-Jan-1994,"http://us.imdb.com/M/title-exact?Beans%20of%20Egypt,%20Maine,%20The%20(1994)"
1631,2,3.5,"Slingshot, The (1993)",01-Jan-1993,http://us.imdb.com/Title?K%E5disbellan+(1993)
1646,2,3.5,Men With Guns (1997),06-Mar-1998,http://us.imdb.com/Title?Men+with+Guns+(1997/I)
1656,2,3.5,Little City (1998),20-Feb-1998,http://us.imdb.com/M/title-exact?Little+City+(1998)
600,2,3.0,Daniel Defoe's Robinson Crusoe (1996),01-Jan-1996,http://us.imdb.com/M/title-exact?Robinson%20Crusoe%20(1996)
1306,2,3.0,Delta of Venus (1994),01-Jan-1994,http://us.imdb.com/M/title-exact?Delta%20of%20Venus%20(1994)
1358,2,3.0,The Deadly Cure (1996),16-Sep-1996,
1481,2,3.0,S.F.W. (1994),01-Jan-1994,http://us.imdb.com/M/title-exact?S.F.W.%20(1994)
1491,2,3.0,Tough and Deadly (1995),01-Jan-1995,http://us.imdb.com/M/title-exact?Tough%20and%20Deadly%20(1995)
1497,2,3.0,"Line King: Al Hirschfeld, The (1996)",11-Oct-1996,"http://us.imdb.com/M/title-exact?Line%20King,%20The%20(1996)"
1519,2,3.0,New Jersey Drive (1995),01-Jan-1995,http://us.imdb.com/M/title-exact?New%20Jersey%20Drive%20(1995)
1523,2,3.0,"Good Man in Africa, A (1994)",01-Jan-1994,"http://us.imdb.com/M/title-exact?Good%20Man%20in%20Africa,%20A%20(1994)"
1542,2,3.0,"Scarlet Letter, The (1926)",01-Jan-1926,"http://us.imdb.com/M/title-exact?Scarlet%20Letter,%20The%20(1926)"
1547,2,3.0,"Show, The (1995)",01-Jan-1995,"http://us.imdb.com/M/title-exact?Show,%20The%20(1995)"
1550,2,3.0,Destiny Turns on the Radio (1995),01-Jan-1995,http://us.imdb.com/M/title-exact?Destiny%20Turns%20on%20the%20Radio%20(1995)
1554,2,3.0,Safe Passage (1994),01-Jan-1994,http://us.imdb.com/M/title-exact?Safe%20Passage%20(1994)
1611,2,3.0,Intimate Relations (1996),09-May-1997,http://us.imdb.com/M/title-exact?Intimate%20Relations%20%281996%29
1617,2,3.0,Hugo Pool (1997),01-Jan-1997,http://us.imdb.com/M/title-exact?Hugo+Pool+(1997)
913,2,2.5,Love and Death on Long Island (1997),10-Mar-1998,http://us.imdb.com/Title?Love+and+Death+on+Long+Island+(1997)
1304,2,2.5,New York Cop (1996),01-Jan-1996,http://us.imdb.com/Title?New+York+Cop+(1996)
1321,2,2.5,Open Season (1996),10-May-1996,http://us.imdb.com/Title?Open+Season+(1996)
1342,2,2.5,"Convent, The (Convento, O) (1995)",14-Jun-1996,"http://us.imdb.com/M/title-exact?Convento,%20O%20(1995)"
1417,2,2.5,"Turning, The (1992)",02-May-1997,http://us.imdb.com/M/title-exact?Turning%2C%20The%20%281992%29
1436,2,2.5,Mr. Jones (1993),01-Jan-1993,http://us.imdb.com/M/title-exact?Mr.%20Jones%20(1993)
1455,2,2.5,"Outlaw, The (1943)",01-Jan-1943,"http://us.imdb.com/M/title-exact?Outlaw,%20The%20(1943)"
1477,2,2.5,Nightwatch (1997),22-Apr-1997,http://us.imdb.com/M/title-exact?Nightwatch%20(1997)
1573,2,2.5,Spirits of the Dead (Tre passi nel delirio) (1968),01-Jan-1968,http://us.imdb.com/M/title-exact?Tre%20passi%20nel%20delirio%20(1968)
1585,2,2.5,American Dream (1990),01-Jan-1990,http://us.imdb.com/M/title-exact?American%20Dream%20(1990)
1662,2,2.5,Rough Magic (1995),30-May-1997,http://us.imdb.com/M/title-exact?Rough%20Magic%20%281995%29
907,2,2.0,Vermin (1998),01-Jan-1997,http://us.imdb.com/M/title-exact?imdb-title-120881
957,2,2.0,Pushing Hands (1992),01-Jan-1992,http://us.imdb.com/M/title-exact?Tui%20Shou%20(1992)
1332,2,2.0,My Life and Times With Antonin Artaud (En compagnie d'Antonin Artaud) (1993),01-Jan-1993,http://us.imdb.com/M/title-exact?En%20compagnie%20d'Antonin%20Artaud%20(1993)
1345,2,2.0,"Day the Sun Turned Cold, The (Tianguo niezi) (1994)",01-Jan-1994,http://us.imdb.com/M/title-exact?Tianguo%20Niezi%20(1994)
1362,2,2.0,American Strays (1996),13-Sep-1996,http://us.imdb.com/M/title-exact?American%20Strays%20(1996)
1390,2,2.0,"Innocent Sleep, The (1995)",27-Jun-1997,http://us.imdb.com/M/title-exact?Innocent+Sleep%2C+The+(1995)
1433,2,2.0,Men of Means (1998),01-Jan-1997,http://us.imdb.com/M/title-exact?imdb-title-119655
1532,2,2.0,Foreign Student (1994),01-Jan-1994,http://us.imdb.com/M/title-exact?Foreign%20Student%20(1994)
1551,2,2.0,"Glass Shield, The (1994)",01-Jan-1994,"http://us.imdb.com/M/title-exact?Glass%20Shield,%20The%20(1994)"
1556,2,2.0,Condition Red (1995),01-Jan-1995,http://us.imdb.com/M/title-exact?Condition%20Red%20(1995)
1578,2,2.0,"Collectionneuse, La (1967)",01-Jan-1967,"http://us.imdb.com/M/title-exact?Collectionneuse,%20La%20(1967)"
1588,2,2.0,Salut cousin! (1996),21-Feb-1997,http://us.imdb.com/M/title-exact?Salut%20cousin!%20(1996)
1590,2,2.0,"To Have, or Not (1995)",06-Jun-1997,http://us.imdb.com/M/title-exact?En%20avoir%20%28ou%20pas%29%20%281995%29
1672,2,2.0,Kika (1993),01-Jan-1993,http://us.imdb.com/M/title-exact?Kika%20(1993)
897,2,1.5,Time Tracers (1995),01-Jan-1995,http://us.imdb.com/M/title-exact?imdb-title-128755
1290,2,1.5,Country Life (1994),01-Jan-1994,http://us.imdb.com/M/title-exact?Country%20Life%20(1994)
1307,2,1.5,Carmen Miranda: Bananas Is My Business (1994),01-Jan-1994,http://us.imdb.com/M/title-exact?Carmen%20Miranda:%20Bananas%20Is%20My%20Business%20(1994)
1350,2,1.5,Crows and Sparrows (1949),01-Jan-1949,http://us.imdb.com/Title?Wuya+yu+maque+(1949)
1360,2,1.5,"Sexual Life of the Belgians, The (1994)",01-Jan-1994,"http://us.imdb.com/M/title-exact?Vie%20sexuelle%20des%20Belges,%20La%20(1994)"
1365,2,1.5,Johnny 100 Pesos (1993),01-Jan-1993,http://us.imdb.com/M/title-exact?Johnny%20100%20Pesos%20(1993)
1371,2,1.5,"Machine, The (1994)",01-Jan-1994,"http://us.imdb.com/M/title-exact?Machine,%20La%20(1994)"
1502,2,1.5,Naked in New York (1994),01-Jan-1994,http://us.imdb.com/Title?Naked+in+New+York+(1994)
1549,2,1.5,Dream Man (1995),01-Jan-1995,http://us.imdb.com/M/title-exact?Dream%20Man%20(1995)
1644,2,1.5,Sudden Manhattan (1996),13-Jun-1997,http://us.imdb.com/M/title-exact?Sudden%20Manhattan%20%281996%29
784,2,1.0,Beyond Bedlam (1993),01-Jan-1993,http://us.imdb.com/Title?Beyond+Bedlam+(1993)
1308,2,1.0,Babyfever (1994),01-Jan-1994,http://us.imdb.com/M/title-exact?Babyfever%20(1994)
1334,2,1.0,Somebody to Love (1994),14-Jun-1996,http://us.imdb.com/Title?Somebody+to+Love+(1996)
1354,2,1.0,Venice/Venice (1992),01-Jan-1992,http://us.imdb.com/M/title-exact?Venice/Venice%20(1992)
1359,2,1.0,Boys in Venice (1996),24-Sep-1996,
1374,2,1.0,Falling in Love Again (1980),01-Jan-1980,http://us.imdb.com/M/title-exact?Falling%20in%20Love%20Again%20(1980)
814,1,5.0,"Great Day in Harlem, A (1994)",01-Jan-1994,"http://us.imdb.com/M/title-exact?Great%20Day%20in%20Harlem,%20A%20(1994)"
1122,1,5.0,They Made Me a Criminal (1939),01-Jan-1939,http://us.imdb.com/M/title-exact?They%20Made%20Me%20a%20Criminal%20(1939)
1201,1,5.0,Marlene Dietrich: Shadow and Light (1996) ,02-Apr-1996,http://us.imdb.com/M/title-exact?Marlene%20Dietrich:%20Shadow%20and%20Light%20(1996)%20(TV)
1536,1,5.0,Aiqing wansui (1994),22-Jul-1996,http://us.imdb.com/M/title-exact?Aiqing%20Wansui%20(1994)
1599,1,5.0,Someone Else's America (1995),10-May-1996,http://us.imdb.com/M/title-exact?Someone%20Else's%20America%20(1995)
1653,1,5.0,Entertaining Angels: The Dorothy Day Story (1996),27-Sep-1996,http://us.imdb.com/M/title-exact?Entertaining%20Angels:%20The%20Dorothy%20Day%20Story%20(1996)
711,1,4.0,"Substance of Fire, The (1996)",06-Dec-1996,"http://us.imdb.com/M/title-exact?Substance%20of%20Fire,%20The%20(1996)"
1130,1,4.0,Jupiter's Wife (1994),09-Feb-1996,http://us.imdb.com/M/title-exact?Jupiter's%20Wife%20(1994)
1235,1,4.0,"Big Bang Theory, The (1994)",01-Jan-1994,http://us.imdb.com/M/title-exact?imdb-title-109266
1452,1,4.0,Lady of Burlesque (1943),01-Jan-1943,http://us.imdb.com/M/title-exact?Lady%20of%20Burlesque%20(1943)
1458,1,4.0,"Damsel in Distress, A (1937)",01-Jan-1937,"http://us.imdb.com/M/title-exact?Damsel%20in%20Distress,%20A%20(1937)"
1482,1,4.0,"Gate of Heavenly Peace, The (1995)",10-May-1996,"http://us.imdb.com/M/title-exact?Gate%20of%20Heavenly%20Peace,%20The%20(1995)"
1492,1,4.0,Window to Paris (1994),01-Jan-1994,http://us.imdb.com/Title?Okno+v+Parizh+(1994)
1498,1,4.0,Farmer & Chase (1995),10-Jan-1997,http://us.imdb.com/M/title-exact?Farmer%20&%20Chase%20(1995)
1505,1,4.0,Killer: A Journal of Murder (1995),06-Sep-1996,http://us.imdb.com/M/title-exact?Killer:%20A%20Journal%20of%20Murder%20(1995)
1515,1,4.0,Wings of Courage (1995),01-Jan-1995,http://us.imdb.com/M/title-exact?Wings%20of%20Courage%20(1995)
1525,1,4.0,"Object of My Affection, The (1998)",20-Mar-1998,"http://us.imdb.com/Title?Object+of+My+Affection,+The+(1998)"
1526,1,4.0,Witness (1985),01-Jan-1985,http://us.imdb.com/M/title-exact?Witness+(1985)
1533,1,4.0,I Don't Want to Talk About It (De eso no se habla) (1993),01-Jan-1993,http://us.imdb.com/M/title-exact?De%20Eso%20No%20Se%20Habla%20(1993)
1593,1,4.0,Death in Brunswick (1991),16-Aug-1996,http://us.imdb.com/M/title-exact?Death%20in%20Brunswick%20(1991)
1604,1,4.0,He Walked by Night (1948),01-Jan-1948,http://us.imdb.com/M/title-exact?He%20Walked%20by%20Night%20(1948)
1613,1,4.0,Tokyo Fist (1995),11-Feb-1998,http://us.imdb.com/M/title-exact?Tokyo+Fist+(1995)
1616,1,4.0,Desert Winds (1995),01-Jan-1995,http://us.imdb.com/M/title-exact?Desert%20Winds%20(1995)
1625,1,4.0,Nightwatch (1997),22-Apr-1997,http://us.imdb.com/M/title-exact?Nightwatch%20(1997)
1636,1,4.0,Brothers in Trouble (1995),26-Apr-1996,http://us.imdb.com/M/title-exact?Brothers%20in%20Trouble%20(1995)
1645,1,4.0,"Butcher Boy, The (1998)",01-Jan-1998,http://us.imdb.com/M/title-exact?imdb-title-118804
1650,1,4.0,"Butcher Boy, The (1998)",01-Jan-1998,http://us.imdb.com/M/title-exact?imdb-title-118804
1651,1,4.0,"Spanish Prisoner, The (1997)",27-Mar-1998,"http://us.imdb.com/Title?Spanish+Prisoner,+The+(1997)"
1674,1,4.0,Mamma Roma (1962),01-Jan-1962,http://us.imdb.com/M/title-exact?Mamma%20Roma%20(1962)
677,1,3.0,Fire on the Mountain (1996),24-Jan-1997,http://us.imdb.com/M/title-exact?Fire%20on%20the%20Mountain%20(1996)
857,1,3.0,Paris Was a Woman (1995),08-Nov-1996,http://us.imdb.com/M/title-exact?Paris%20Was%20a%20Woman%20(1995)
1156,1,3.0,Cyclo (1995),02-Aug-1996,http://us.imdb.com/M/title-exact?Cyclo%20(1995)
1236,1,3.0,"Other Voices, Other Rooms (1997)",01-Jan-1997,http://us.imdb.com/M/title-exact?imdb-title-119845
1310,1,3.0,"Walk in the Sun, A (1945)",01-Jan-1945,"http://us.imdb.com/M/title-exact?Walk%20in%20the%20Sun,%20A%20(1945)"
1447,1,3.0,Century (1993),01-Jan-1993,http://us.imdb.com/M/title-exact?Century%20(1993)
1457,1,3.0,Love Is All There Is (1996),11-Oct-1996,http://us.imdb.com/M/title-exact?Love%20Is%20All%20There%20Is%20(1996)
1460,1,3.0,Sleepover (1995),25-Oct-1996,http://us.imdb.com/M/title-exact?Sleepover%20(1995)
1507,1,3.0,Three Lives and Only One Death (1996),11-Oct-1996,http://us.imdb.com/M/title-exact?Trois%20vies%20et%20une%20seule%20mort%20(1996)
1510,1,3.0,Mad Dog Time (1996),08-Nov-1996,http://us.imdb.com/M/title-exact?Mad%20Dog%20Time%20(1996)
1520,1,3.0,"Fear, The (1995)",01-Jan-1995,"http://us.imdb.com/M/title-exact?Fear,%20The%20(1995)"
1543,1,3.0,Johns (1996),18-Oct-1996,http://us.imdb.com/M/title-exact?Johns%20(1996)
1603,1,3.0,Angela (1995),16-Feb-1996,http://us.imdb.com/M/title-exact?Angela%20(1995)
1614,1,3.0,"Reluctant Debutante, The (1958)",01-Jan-1958,"http://us.imdb.com/M/title-exact?Reluctant%20Debutante,%20The%20(1958)"
1619,1,3.0,All Things Fair (1996),08-Mar-1996,http://us.imdb.com/Title?Lust+och+f%E4gring+stor+(1995)
1627,1,3.0,"Wife, The (1995)",26-Jul-1996,"http://us.imdb.com/Title?Wife,+The+(1995)"
1630,1,3.0,"Silence of the Palace, The (Saimt el Qusur) (1994)",02-Feb-1996,http://us.imdb.com/M/title-exact?Saimt%20el%20Qusur%20(1994)
1632,1,3.0,Land and Freedom (Tierra y libertad) (1995),29-Mar-1996,http://us.imdb.com/M/title-exact?Tierra%20y%20libertad%20(1995)
1633,1,3.0,Á köldum klaka (Cold Fever) (1994),08-Mar-1996,http://us.imdb.com/Title?%C1+k%F6ldum+klaka+(1994)
1635,1,3.0,Two Friends (1986) ,26-Apr-1986,http://us.imdb.com/M/title-exact?Two%20Friends%20(1986)%20(TV)
1637,1,3.0,Girls Town (1996),23-Aug-1996,http://us.imdb.com/M/title-exact?Girls%20Town%20(1996)
1638,1,3.0,Normal Life (1996),25-Oct-1996,http://us.imdb.com/M/title-exact?Normal%20Life%20(1996)
1640,1,3.0,"Eighth Day, The (1996)",01-Nov-1996,"http://us.imdb.com/Title?Huiti%E8me+jour,+Le+(1996)"
1641,1,3.0,Dadetown (1995),18-Sep-1996,http://us.imdb.com/M/title-exact?Dadetown%20(1995)
1647,1,3.0,Hana-bi (1997),20-Mar-1998,http://us.imdb.com/Title?Hana-bi+(1997)
1649,1,3.0,"Big One, The (1997)",27-Mar-1998,"http://us.imdb.com/Title?Big+One,+The+(1997)"
1657,1,3.0,Target (1995),28-Feb-1996,http://us.imdb.com/M/title-exact?Target%20(1995)
1667,1,3.0,"Next Step, The (1995)",13-Jun-1997,http://us.imdb.com/M/title-exact?Next%20Step%2C%20The%20%281995%29
1668,1,3.0,Wedding Bell Blues (1996),13-Jun-1997,http://us.imdb.com/M/title-exact?Wedding%20Bell%20Blues%20%281996%29
1670,1,3.0,Tainted (1998),01-Feb-1998,http://us.imdb.com/M/title-exact?Tainted+(1998)
1673,1,3.0,Mirage (1995),01-Jan-1995,http://us.imdb.com/M/title-exact?Mirage%20(1995)
1675,1,3.0,"Sunchaser, The (1996)",25-Oct-1996,"http://us.imdb.com/M/title-exact?Sunchaser,%20The%20(1996)"
1677,1,3.0,Sweet Nothing (1995),20-Sep-1996,http://us.imdb.com/M/title-exact?Sweet%20Nothing%20(1995)
1679,1,3.0,B. Monkey (1998),06-Feb-1998,http://us.imdb.com/M/title-exact?B%2E+Monkey+(1998)
1681,1,3.0,You So Crazy (1994),01-Jan-1994,http://us.imdb.com/M/title-exact?You%20So%20Crazy%20(1994)
1682,1,3.0,Scream of Stone (Schrei aus Stein) (1991),08-Mar-1996,http://us.imdb.com/M/title-exact?Schrei%20aus%20Stein%20(1991)
1414,1,2.0,Coldblooded (1995),01-Jan-1995,http://us.imdb.com/M/title-exact?Coldblooded%20(1995)
1453,1,2.0,Angel on My Shoulder (1946),01-Jan-1946,http://us.imdb.com/M/title-exact?Angel%20on%20My%20Shoulder%20(1946)
1461,1,2.0,Here Comes Cookie (1935),01-Jan-1935,http://us.imdb.com/M/title-exact?Here%20Comes%20Cookie%20(1935)
1476,1,2.0,Raw Deal (1948),01-Jan-1948,http://us.imdb.com/M/title-exact?Raw%20Deal%20(1948)
1595,1,2.0,Shopping (1994),09-Feb-1996,http://us.imdb.com/M/title-exact?Shopping%20(1994)
1596,1,2.0,Nemesis 2: Nebula (1995),01-Jan-1995,http://us.imdb.com/M/title-exact?Nemesis%202:%20Nebula%20(1995)
1606,1,2.0,Deceiver (1997),01-Jan-1997,http://us.imdb.com/M/title-exact?Liar+(1997)
1624,1,2.0,Hush (1998),10-Mar-1998,http://us.imdb.com/Title?Hush+(1998)
1634,1,2.0,Etz Hadomim Tafus (Under the Domin Tree) (1994),19-Apr-1996,http://us.imdb.com/M/title-exact?Etz%20Hadomim%20Tafus%20(1994)
1648,1,2.0,"Niagara, Niagara (1997)",20-Mar-1998,"http://us.imdb.com/Title?Niagara,+Niagara+(1997)"
1655,1,2.0,"Favor, The (1994)",01-Jan-1994,"http://us.imdb.com/M/title-exact?Favor,%20The%20(1994)"
1660,1,2.0,Small Faces (1995),09-Aug-1996,http://us.imdb.com/M/title-exact?Small%20Faces%20(1995)
1663,1,2.0,Nothing Personal (1995),30-Apr-1997,http://us.imdb.com/M/title-exact?Nothing%20Personal%20(1995)
1665,1,2.0,"Brother's Kiss, A (1997)",25-Apr-1997,http://us.imdb.com/M/title-exact?Brother%27s%20Kiss%2C%20A%20%281997%29
1666,1,2.0,Ripe (1996),02-May-1997,http://us.imdb.com/M/title-exact?Ripe%20%281996%29
1669,1,2.0,MURDER and murder (1996),20-Jun-1997,http://us.imdb.com/M/title-exact?MURDER+and+murder+(1996)
1676,1,2.0,"War at Home, The (1996)",01-Jan-1996,http://us.imdb.com/M/title-exact?War%20at%20Home%2C%20The%20%281996%29
1680,1,2.0,Sliding Doors (1998),01-Jan-1998,http://us.imdb.com/Title?Sliding+Doors+(1998)
599,1,1.0,Police Story 4: Project S (Chao ji ji hua) (1993),16-Aug-1996,http://us.imdb.com/M/title-exact?Project%20S%20(1993)
830,1,1.0,Power 98 (1995),17-May-1996,http://us.imdb.com/M/title-exact?Power%2098%20(1995)
852,1,1.0,"Bloody Child, The (1996)",26-Oct-1996,http://us.imdb.com/M/title-exact?Bloody%20Child%2C%20The%20%281996%29
1309,1,1.0,"Very Natural Thing, A (1974)",01-Jan-1974,"http://us.imdb.com/M/title-exact?Very%20Natural%20Thing,%20A%20(1974)"
1320,1,1.0,Homage (1995),03-May-1996,http://us.imdb.com/M/title-exact?Homage%20(1995)
1325,1,1.0,August (1996),12-Apr-1996,http://us.imdb.com/M/title-exact?August%20(1996)
1329,1,1.0,"Low Life, The (1994)",10-May-1996,"http://us.imdb.com/Title?Low+Life,+The+(1994/I)"
1339,1,1.0,Stefano Quantestorie (1993),01-Jan-1993,http://us.imdb.com/M/title-exact?Stefano%20Quantestorie%20%281993%29
1340,1,1.0,"Crude Oasis, The (1995)",01-Jan-1995,"http://us.imdb.com/M/title-exact?Crude%20Oasis,%20The%20(1995)"
1341,1,1.0,Hedd Wyn (1992),01-Jan-1992,http://us.imdb.com/M/title-exact?Hedd%20Wyn%20(1992)
1343,1,1.0,Lotto Land (1995),01-Jan-1995,http://us.imdb.com/M/title-exact?Lotto%20Land%20(1995)
1348,1,1.0,Every Other Weekend (1990),01-Jan-1990,http://us.imdb.com/Title?Un+week-end+sur+deux+(1990)
1349,1,1.0,Mille bolle blu (1993),01-Jan-1993,http://us.imdb.com/M/title-exact?Mille%20bolle%20blu%20(1993)
1352,1,1.0,Shadow of Angels (Schatten der Engel) (1976),01-Jan-1976,http://us.imdb.com/M/title-exact?Schatten%20der%20Engel%20(1976)
1363,1,1.0,"Leopard Son, The (1996)",27-Sep-1996,"http://us.imdb.com/M/title-exact?Leopard%20Son,%20The%20(1996)"
1364,1,1.0,Bird of Prey (1996),04-Oct-1996,http://us.imdb.com/M/title-exact?Bird%20of%20Prey%20(1996)
1366,1,1.0,JLG/JLG - autoportrait de décembre (1994),01-Jan-1994,http://us.imdb.com/M/title-exact?JLG/JLG%20-%20autoportrait%20de%20d%E9cembre%20%281994%29
1373,1,1.0,Good Morning (1971),4-Feb-1971,http://us.imdb.com/M/title-exact?Good%20Morning%20(1971)
1486,1,1.0,Girl in the Cadillac (1995),01-Jan-1995,http://us.imdb.com/M/title-exact?Girl%20in%20the%20Cadillac%20(1995)
1493,1,1.0,"Modern Affair, A (1995)",06-Sep-1996,"http://us.imdb.com/M/title-exact?Modern%20Affair,%20A%20(1995)"
1494,1,1.0,"Mostro, Il (1994)",19-Apr-1996,"http://us.imdb.com/M/title-exact?Mostro,%20Il%20(1994)"
1546,1,1.0,Shadows (Cienie) (1988),01-Jan-1988,http://us.imdb.com/M/title-exact?Cienie%20(1988)
1548,1,1.0,The Courtyard (1995),01-Jan-1995,"http://us.imdb.com/M/title-exact?Courtyard,%20The%20(1995)%20(TV)"
1557,1,1.0,Yankee Zulu (1994),16-Feb-1996,http://us.imdb.com/M/title-exact?Yankee%20Zulu%20(1994)
1559,1,1.0,Hostile Intentions (1994),01-Jan-1994,http://us.imdb.com/M/title-exact?Hostile%20Intentions%20(1994)
1561,1,1.0,Tigrero: A Film That Was Never Made (1994),01-Jan-1994,http://us.imdb.com/M/title-exact?Tigrero:%20A%20Film%20That%20Was%20Never%20Made%20(1994)
1562,1,1.0,"Eye of Vichy, The (Oeil de Vichy, L') (1993)",01-Jan-1993,"http://us.imdb.com/M/title-exact?Oeil%20de%20Vichy,%20L'%20(1993)"
1563,1,1.0,"Promise, The (Versprechen, Das) (1994)",01-Jan-1994,"http://us.imdb.com/M/title-exact?Versprechen,%20Das%20(1994)"
1564,1,1.0,To Cross the Rubicon (1991),01-Jan-1991,http://us.imdb.com/M/title-exact?To%20Cross%20the%20Rubicon%20(1991)
1565,1,1.0,Daens (1992),01-Jan-1992,http://us.imdb.com/M/title-exact?Daens%20(1992)
1566,1,1.0,"Man from Down Under, The (1943)",01-Jan-1943,"http://us.imdb.com/Title?Man+from+Down+Under,+The+(1943)"
1567,1,1.0,Careful (1992),01-Jan-1992,http://us.imdb.com/M/title-exact?Careful%20(1992)
1568,1,1.0,Vermont Is For Lovers (1992),01-Jan-1992,http://us.imdb.com/M/title-exact?Vermont%20Is%20For%20Lovers%20(1992)
1569,1,1.0,"Vie est belle, La (Life is Rosey) (1987)",01-Jan-1987,"http://us.imdb.com/M/title-exact?Vie%20est%20belle,%20La%20(1987)"
1570,1,1.0,Quartier Mozart (1992),01-Jan-1992,http://us.imdb.com/M/title-exact?Quartier%20Mozart%20(1992)
1571,1,1.0,Touki Bouki (Journey of the Hyena) (1973),01-Jan-1973,http://us.imdb.com/M/title-exact?Touki%20Bouki%20(1973)
1572,1,1.0,Wend Kuuni (God's Gift) (1982),01-Jan-1982,http://us.imdb.com/M/title-exact?Wend%20Kuuni%20(1982)
1574,1,1.0,Pharaoh's Army (1995),01-Jan-1995,http://us.imdb.com/M/title-exact?Pharaoh's%20Army%20(1995)
1575,1,1.0,"I, Worst of All (Yo, la peor de todas) (1990)",01-Jan-1990,"http://us.imdb.com/M/title-exact?Yo,%20la%20Peor%20de%20Todas%20(1990)"
1576,1,1.0,"Hungarian Fairy Tale, A (1987)",01-Jan-1987,"http://us.imdb.com/M/title-exact?Hol%20volt,%20hol%20nem%20volt%20(1987)"
1577,1,1.0,"Death in the Garden (Mort en ce jardin, La) (1956)",01-Jan-1956,"http://us.imdb.com/Title?Mort+en+ce+jardin,+La+(1956)"
1579,1,1.0,Baton Rouge (1988),01-Jan-1988,http://us.imdb.com/Title?B%E2ton+rouge+(1988)
1580,1,1.0,Liebelei (1933),01-Jan-1933,http://us.imdb.com/M/title-exact?Liebelei%20(1933)
1581,1,1.0,"Woman in Question, The (1950)",01-Jan-1950,"http://us.imdb.com/M/title-exact?Woman%20in%20Question,%20The%20(1950)"
1582,1,1.0,T-Men (1947),01-Jan-1947,http://us.imdb.com/M/title-exact?T-Men%20(1947)
1583,1,1.0,"Invitation, The (Zaproszenie) (1986)",01-Jan-1986,http://us.imdb.com/M/title-exact?Zaproszenie%20(1986)
1584,1,1.0,"Symphonie pastorale, La (1946)",01-Jan-1946,"http://us.imdb.com/M/title-exact?Symphonie%20pastorale,%20La%20(1946)"
1586,1,1.0,Lashou shentan (1992),01-Jan-1992,http://us.imdb.com/M/title-exact?Lashou%20Shentan%20(1992)
1587,1,1.0,Terror in a Texas Town (1958),01-Jan-1958,http://us.imdb.com/M/title-exact?Terror%20in%20a%20Texas%20Town%20(1958)
1601,1,1.0,Office Killer (1997),01-Jan-1997,http://us.imdb.com/M/title-exact?imdb-title-119819
1618,1,1.0,King of New York (1990),01-Jan-1990,http://us.imdb.com/Title?King+of+New+York+(1990)
1621,1,1.0,Butterfly Kiss (1995),26-Apr-1996,http://us.imdb.com/M/title-exact?Butterfly%20Kiss%20(1995)
1626,1,1.0,Nobody Loves Me (Keiner liebt mich) (1994),09-Feb-1996,http://us.imdb.com/M/title-exact?Keiner%20liebt%20mich%20(1994)
1654,1,1.0,Chairman of the Board (1998),01-Jan-1998,http://us.imdb.com/Title?Chairman+of+the+Board+(1998)
1659,1,1.0,Getting Away With Murder (1996),12-Apr-1996,http://us.imdb.com/Title?Getting+Away+With+Murder+(1996)
1661,1,1.0,"New Age, The (1994)",01-Jan-1994,"http://us.imdb.com/M/title-exact?New%20Age,%20The%20(1994)"
1671,1,1.0,"Further Gesture, A (1996)",20-Feb-1998,http://us.imdb.com/M/title-exact?Further+Gesture%2C+A+(1996)
1678,1,1.0,Mat' i syn (1997),06-Feb-1998,http://us.imdb.com/M/title-exact?Mat%27+i+syn+(1997)
